"","Company","Date200506","MCR200506","Capital200506","Surplus200506","SolRatio200506","Date200512","MCR200512","Capital200512","Surplus200512","SolRatio200512","Date200606","MCR200606","Capital200606","Surplus200606","SolRatio200606","Date200612","MCR200612","Capital200612","Surplus200612","SolRatio200612","Date200706","MCR200706","Capital200706","Surplus200706","SolRatio200706","Date200712","MCR200712","Capital200712","Surplus200712","SolRatio200712","Date200806","MCR200806","Capital200806","Surplus200806","SolRatio200806","Date200812","MCR200812","Capital200812","Surplus200812","SolRatio200812","Date200906","MCR200906","Capital200906","Surplus200906","SolRatio200906","Date200912","MCR200912","Capital200912","Surplus200912","SolRatio200912","Date201006","MCR201006","Capital201006","Surplus201006","SolRatio201006"
"2","AAIL","31 Dec",716714,1062586,345872,1.48,"31 Dec",774413,1274474,500061,1.65,"31 Dec",774413,1274474,500061,1.65,"31 Dec",804765,1338041,533276,1.66,"31 Dec",804765,1338041,533276,1.66,"31 Dec",843765,1115797,272032,1.32,"31 Dec",843765,1115797,272032,1.32,"31 Dec",915915,1190690,274775,1.3,"31 Dec",915915,1190690,274775,1.3,"31 Dec",868717,1181090,312373,1.36,"31 Dec",868717,1181090,312373,1.36
"3","AAMI","31 Dec",5000,12745,7745,2.55,"31 Dec",5000,5011,11,1,"31 Dec",5000,5011,11,1,"31 Dec",7676,10843,3167,1.41,"30 Jun",7676,10843,3167,1.41,"30 Jun",6648,14969,8321,2.25,"30 Jun",11495,17042,5547,1.48,"30 Jun",11495,17042,5547,1.48,"30 Jun",350420,656968,306548,1.87,"30 Jun",350420,656968,306548,1.87,"30 Jun",387853,549899,162046,1.42
"4","ACE","31 Dec",70673,179669,108996,2.54,"31 Dec",83571,177583,94012,2.12,"31 Dec",83571,177583,94012,2.12,"31 Dec",74532,200547,126015,2.69,"31 Dec",74532,200547,126015,2.69,"31 Dec",77295,191401,114106,2.48,"31 Dec",77295,191401,114106,2.48,"31 Dec",94788,190652,95864,2.01,"31 Dec",94788,190652,95864,2.01,"31 Dec",102927,196980,94053,1.91,"31 Dec",102927,196980,94053,1.91
"5","AFG","30 Sep",13854,-14600,-28454,-1.05,"30 Sep",NA,NA,NA,NA,"30 Sep",NA,NA,NA,NA,"30 Sep",NA,NA,NA,NA,"30 Sep",NA,NA,NA,NA,"30 Sep",NA,NA,NA,NA,"30 Sep",NA,NA,NA,NA,"30 Sep",NA,NA,NA,NA,"30 Sep",NA,NA,NA,NA,"30 Sep",NA,NA,NA,NA,"30 Sep",NA,NA,NA,NA
"6","AIOI","31 Mar",5786,10996,5210,1.9,"31 Mar",5818,10996,5178,1.89,"31 Mar",6041,10146,4105,1.68,"31 Mar",6041,10146,4105,1.68,"31 Mar",7061,21470,14409,3.04,"31 Mar",7061,21470,14409,3.04,"31 Mar",9642,19499,9857,2.02,"31 Mar",9642,19499,9857,2.02,"31 Mar",11655,23017,11362,1.97,"31 Mar",11655,23017,11362,1.97,"31 Mar",12546,20502,7956,1.63
"7","ALEA","31 Dec",5738,14905,9167,2.6,"31 Dec",5000,18422,13422,3.68,"31 Dec",5000,18422,13422,3.68,"31 Dec",5000,20850,15850,4.17,"31 Dec",5000,20850,15850,4.17,"31 Dec",5000,14707,9707,2.94,"31 Dec",5000,14707,9707,2.94,"31 Dec",NA,NA,NA,NA,NA,NA,NA,NA,NA,NA,NA,NA,NA,NA,NA,NA,NA,NA,NA
"8","AM HOME","31 Dec",89213,213489,124276,2.39,"31 Dec",101771,267486,165715,2.63,"31 Dec",101771,267486,165715,2.63,"31 Dec",131624,259844,128220,1.97,"31 Dec",131624,259844,128220,1.97,"31 Dec",141136,263072,121936,1.86,"31 Dec",141136,263072,121936,1.86,"31 Dec",141882,297871,155989,2.1,"31 Dec",141882,297871,155989,2.1,"31 Dec",173059,344388,171329,1.99,"31 Dec",173059,344388,171329,1.99
"9","AM INT","30 Nov",2000,10602,8602,5.3,"30 Nov",2000,10628,8628,5.31,"30 Nov",2000,10628,8628,5.31,"30 Nov",2000,10674,8674,3.56,"30 Nov",2000,10674,8674,5.34,NA,NA,NA,NA,NA,NA,NA,NA,NA,NA,NA,NA,NA,NA,NA,NA,NA,NA,NA,NA,NA,NA,NA,NA,NA,NA,NA,NA,NA,NA
"10","AME RE","31 Dec",51796,95599,43803,1.85,"31 Dec",45447,138986,93539,3.06,"31 Dec",45447,138986,93539,3.06,"31 Dec",39236,149659,110423,3.81,"31 Dec",39236,149659,110423,3.81,"31 Dec",33416,138199,104783,4.14,"31 Dec",33416,138199,104783,4.14,"31 Dec",27477,144813,117336,5.27,"31 Dec",27477,144813,117336,5.27,"31 Dec",17554,150770,133216,8.59,"31 Dec",17554,150770,133216,8.59
"11","AMPG","31 Dec",5000,26344,21344,5.27,"31 Dec",8247,27457,19210,3.33,"31 Dec",8247,27457,19210,3.33,"31 Dec",5000,7018,2018,1.4,"31 Dec",5000,7018,2018,1.4,"31 Dec",5000,7252,2252,1.45,NA,NA,NA,NA,NA,NA,NA,NA,NA,NA,NA,NA,NA,NA,NA,NA,NA,NA,NA,NA,NA,NA,NA,NA,NA
"12","ANSVAR",NA,NA,NA,NA,NA,NA,NA,NA,NA,NA,NA,NA,NA,NA,NA,NA,NA,NA,NA,NA,NA,NA,NA,NA,NA,NA,NA,NA,NA,NA,NA,NA,NA,NA,NA,NA,NA,NA,NA,NA,"31 Dec",32332,72079,39747,2.23,"31 Dec",36088,75924,39836,2.1,"31 Dec",48088,75924,27836,1.58
"13","ANZ LMI","30 Sep",35963,82058,46095,2.28,"30 Sep",36542,111109,74567,3.04,"30 Sep",36542,111109,74567,3.04,"30 Sep",145533,151216,5683,1.04,"30 Sep",209714,151216,-58498,0.72,"30 Sep",236455,277285,40830,1.17,"30 Sep",236455,277285,40830,1.17,"30 Sep",332423,384913,52490,1.16,"30 Sep",332423,384913,52490,1.16,"30 Sep",368373,495172,126799,1.34,"30 Sep",368373,495172,126799,1.34
"14","ANZCOVER","30 Sep",67821,132947,65126,1.96,"30 Sep",68631,143981,75350,2.1,"30 Sep",68631,143981,75350,2.1,"30 Sep",75770,127977,52207,1.69,"30 Sep",75770,127977,52207,1.69,"30 Sep",71297,172902,101605,2.43,"30 Sep",71297,172902,101605,2.43,"30 Sep",67655,191236,123581,2.83,"30 Sep",67655,191236,123581,2.83,"30 Sep",81567,150765,69198,1.85,"30 Sep",81567,150765,69198,1.85
"15","ASPEN",NA,NA,NA,NA,NA,NA,NA,NA,NA,NA,NA,NA,NA,NA,NA,NA,NA,NA,NA,NA,NA,NA,NA,NA,NA,NA,NA,NA,NA,NA,NA,NA,NA,NA,NA,"31 Dec",34570,40180,5610,1.16,"31 Dec",34570,40180,5610,1.16,"31 Dec",46575,63950,17375,1.37,"31 Dec",46575,63950,17375,1.37
"16","ASSET","31 Dec",39943,85728,45785,2.15,"31 Dec",40624,90404,49780,2.23,"31 Dec",40624,90404,49780,2.23,"31 Dec",33018,75834,42816,2.3,"31 Dec",33018,75834,42816,2.3,"31 Dec",29939,77523,47584,2.59,"31 Dec",29939,77523,47584,2.59,"31 Dec",30998,57022,26024,1.84,"31 Dec",30998,57022,26024,1.84,"31 Dec",23364,47366,24002,2.03,"31 Dec",23364,47366,24002,2.03
"17","ATRADIUS","31 Dec",13235,22484,9249,1.7,"31 Dec",14453,17950,3497,1.24,"31 Dec",14453,17950,3497,1.24,"31 Dec",15623,22449,6826,1.44,"31 Dec",15623,22449,6826,1.44,"31 Dec",16998,28351,11353,1.67,"31 Dec",16998,28351,11353,1.67,"31 Dec",24048,39666,15618,1.65,"31 Dec",24048,39666,15618,1.65,"31 Dec",21280,34112,12832,1.6,"31 Dec",21280,34112,12832,1.6
"18","AUS ALLNCE","31 Dec",5000,17788,12788,3.56,"31 Dec",5000,17945,12945,3.59,"31 Dec",5000,17945,12945,3.59,"31 Dec",5926,18088,12162,3.05,"30 Jun",5926,18088,12162,3.05,"30 Jun",12855,18351,5496,1.43,"30 Jun",7075,18511,11436,2.62,"30 Jun",7075,18511,11436,2.62,"30 Jun",56989,120687,63698,2.12,"30 Jun",56989,120687,63698,2.12,"30 Jun",64481,118574,54093,1.84
"19","AUS FAMILY","31 Dec",2000,1412,-588,0.71,"31 Dec",2000,943,-1057,0.47,"31 Dec",2000,943,-1057,0.47,"31 Dec",2000,895,-1105,0.45,"31 Dec",2000,895,-1105,0.45,"31 Dec",2000,933,-1067,0.47,"31 Dec",2000,933,-1067,0.47,"31 Dec",2000,750,-1250,0.38,"31 Dec",2000,699,-1301,0.35,"31 Dec",NA,NA,NA,NA,"31 Dec",NA,NA,NA,NA
"20","AUS INT","30 Jun",23511,44094,20583,1.88,"30 Jun",23511,44094,20583,1.88,"30 Jun",28803,55877,27074,1.94,"30 Jun",28803,55877,27074,1.94,"30 Jun",31725,60800,29075,1.92,"30 Jun",31725,60800,29075,1.92,NA,NA,NA,NA,NA,NA,NA,NA,NA,NA,NA,NA,NA,NA,NA,NA,NA,NA,NA,NA,NA,NA,NA,NA,NA
"21","AUS MED","30 Jun",94952,194878,99926,2.05,"30 Jun",94952,194878,99926,2.05,"30 Jun",93945,285527,191582,3.04,"30 Jun",93945,285527,191582,3.04,"30 Jun",100566,322749,222183,3.21,"30 Jun",100566,322749,222183,3.21,NA,NA,NA,NA,NA,NA,NA,NA,NA,NA,NA,NA,NA,NA,NA,NA,NA,NA,NA,NA,NA,NA,NA,NA,NA
"22","AUS UNITY","30 Jun",11773,20244,8471,1.72,"30 Jun",11773,20244,8471,1.72,"30 Jun",12840,21351,8511,1.66,"30 Jun",12840,21351,8511,1.66,"30 Jun",18208,37923,19715,2.08,NA,NA,NA,NA,NA,NA,NA,NA,NA,NA,NA,NA,NA,NA,NA,NA,NA,NA,NA,NA,NA,NA,NA,NA,NA,NA,NA,NA,NA,NA
"23","AUTO GEN",NA,NA,NA,NA,NA,"30 Jun",NA,NA,NA,NA,"30 Jun",8320,12795,4475,1.54,"30 Jun",8320,12795,4475,1.54,"30 Jun",12134,16076,3942,1.32,"30 Jun",12134,16076,3942,1.32,"30 Jun",14836,22389,7553,1.51,"30 Jun",14836,22389,7553,1.51,"30 Jun",19762,29519,9757,1.49,"30 Jun",19762,29519,9757,1.49,"30 Jun",20581,40848,20267,1.98
"24","AVANT",NA,NA,NA,NA,NA,NA,NA,NA,NA,NA,NA,NA,NA,NA,NA,NA,NA,NA,NA,NA,NA,NA,NA,NA,NA,NA,NA,NA,NA,NA,"30 Jun",119962,398085,278123,3.32,"30 Jun",119962,398085,278123,3.32,"30 Jun",140162,377911,237749,2.7,"30 Jun",140162,377911,237749,2.7,"30 Jun",133091,465080,331989,3.49
"25","AVEA",NA,NA,NA,NA,NA,NA,NA,NA,NA,NA,NA,NA,NA,NA,NA,NA,NA,NA,NA,NA,NA,NA,NA,NA,NA,NA,NA,NA,NA,NA,NA,NA,NA,NA,NA,NA,NA,NA,NA,NA,NA,NA,NA,NA,NA,"30 Jun",8943,4602,-4341,0.51,"30 Jun",5000,4573,-427,0.91
"26","AXA","31 Dec",5000,30565,25565,6.11,"31 Dec",5000,33606,28606,6.72,"31 Dec",5000,33606,28606,6.72,"31 Dec",5000,32435,27435,6.49,"31 Dec",5000,32435,27435,6.49,"31 Dec",5000,32582,27582,6.52,"31 Dec",5000,32582,27582,6.52,"31 Dec",5000,32462,27462,6.49,"31 Dec",5000,32462,27462,6.49,"31 Dec",8600,35047,26447,4.08,"31 Dec",8600,35047,26447,4.08
"27","AXA CSA",NA,NA,NA,NA,NA,NA,NA,NA,NA,NA,NA,NA,NA,NA,NA,NA,NA,NA,NA,NA,NA,NA,NA,NA,NA,NA,NA,NA,NA,NA,NA,NA,NA,NA,NA,NA,NA,NA,NA,NA,NA,NA,NA,NA,NA,"31 Dec",6556,29574,23018,4.51,"31 Dec",6556,29574,23018,4.51
"28","AXIS",NA,NA,NA,NA,NA,NA,NA,NA,NA,NA,NA,NA,NA,NA,NA,NA,NA,NA,NA,NA,NA,NA,NA,NA,NA,NA,NA,NA,NA,NA,"31 Dec",NA,NA,NA,NA,"31 Dec",15629,27365,11736,1.75,"31 Dec",15629,27365,11736,1.75,"31 Dec",9315,22663,13348,2.43,"31 Dec",9315,22663,13348,2.43
"30","BARRISTERS","30 Jun",5000,11097,6097,2.22,"30 Jun",5000,11097,6097,2.22,"30 Jun",5000,12522,7522,2.5,"30 Jun",5000,12522,7522,2.5,"30 Jun",5000,13545,8545,2.71,"30 Jun",5000,13545,8545,2.71,"30 Jun",5000,13357,8357,2.67,"30 Jun",5000,13357,8357,2.67,"30 Jun",3209,12758,9549,3.98,"30 Jun",3209,12758,9549,3.98,"30 Jun",3110,13657,10547,4.39
"31","BERKLEY",NA,NA,NA,NA,NA,NA,NA,NA,NA,NA,NA,NA,NA,NA,NA,NA,NA,NA,NA,NA,NA,NA,NA,NA,NA,"31 Dec",11499,47657,36158,4.14,"31 Dec",11499,47657,36158,4.14,"31 Dec",17766,49714,31948,2.8,"31 Dec",17766,49714,31948,2.8,"31 Dec",22605,50025,27420,2.21,"31 Dec",22605,50025,27420,2.21
"32","BHP MARINE","30 Jun",127680,339426,211746,2.66,"30 Jun",127680,339426,211746,2.66,"30 Jun",126984,347378,220394,2.74,"30 Jun",126984,347378,220394,2.74,"30 Jun",154395,403565,249170,2.61,"30 Jun",154395,403565,249170,2.61,"30 Jun",327307,408366,81059,1.25,"30 Jun",327307,408366,81059,1.25,"30 Jun",146561,511015,364454,3.49,"30 Jun",146561,511015,364454,3.49,"30 Jun",141792,542099,400307,3.82
"33","BORAL","30 Jun",5564,8405,2841,1.51,"30 Jun",5564,8405,2841,1.51,"30 Jun",4805,9293,4488,1.93,"30 Jun",4805,9293,4488,1.93,"30 Jun",2000,9920,7920,4.96,"30 Jun",2000,9920,7920,4.96,"30 Jun",2000,10682,8682,5.34,"30 Jun",2000,10682,8682,5.34,"30 Jun",2000,12913,10913,6.46,"30 Jun",2000,12913,10913,6.46,"30 Jun",2000,13279,11279,6.64
"34","BUDGET","30 Jun",8030,10225,2195,1.27,"30 Jun",8030,10225,2195,1.27,"30 Jun",5000,6740,1740,1.35,"30 Jun",5000,6740,1740,1.35,"30 Jun",5000,6526,1526,1.31,"30 Jun",5000,6526,1526,1.31,NA,NA,NA,NA,NA,NA,NA,NA,NA,NA,NA,NA,NA,NA,NA,NA,NA,NA,NA,NA,NA,NA,NA,NA,NA
"36","CALLI","31 Dec",NA,NA,NA,NA,"31 Dec",5000,44042,39042,8.81,"31 Dec",5000,44042,39042,8.81,"31 Dec",6240,41574,35334,6.66,"31 Dec",6240,41574,35334,6.66,"31 Dec",9129,40870,31741,4.48,"31 Dec",9129,40870,31741,4.48,"31 Dec",NA,NA,NA,NA,NA,NA,NA,NA,NA,NA,NA,NA,NA,NA,NA,NA,NA,NA,NA
"37","CALLI GRP","31 Dec",5097,86735,81638,17.02,"31 Dec",2000,86541,84541,43.27,"31 Dec",16285,86541,70256,5.31,"31 Dec",12575,87568,74993,6.96,"31 Dec",12575,87568,74993,6.96,NA,NA,NA,NA,NA,NA,NA,NA,NA,NA,NA,NA,NA,NA,NA,NA,NA,NA,NA,NA,NA,NA,NA,NA,NA,NA,NA,NA,NA,NA
"38","CATHOLIC","30 Jun",91176,174216,83040,1.91,"30 Jun",91176,174216,83040,1.91,"30 Jun",104034,224927,120893,2.16,"30 Jun",104034,224927,120893,2.16,"30 Jun",106730,272034,165304,2.55,"30 Jun",106730,272034,165304,2.55,"30 Jun",105742,283860,178118,2.68,"30 Jun",105742,283860,178118,2.68,"30 Jun",145117,251878,106761,1.74,"30 Jun",145117,251878,106761,1.74,"30 Jun",142957,292573,149616,2.05
"39","CAVELL","31 Dec",2000,10030,8030,5.02,"31 Dec",2000,9958,7958,4.98,"31 Dec",2000,9958,7958,4.98,"31 Dec",2000,1910,-90,0.96,"31 Dec",2000,1910,-90,0.96,"31 Dec",2000,10745,8745,5.37,"31 Dec",2000,10745,8745,5.37,"31 Dec",2000,10894,8894,5.45,"31 Dec",2000,10894,8894,5.45,NA,NA,NA,NA,NA,NA,NA,NA,NA,NA
"40","CGU","30 Jun",558818,1137635,578817,2.04,"30 Jun",558818,1137635,578817,2.04,"30 Jun",536837,1031175,494338,1.92,"30 Jun",536837,1031175,494338,1.92,"30 Jun",544924,1040689,495765,1.91,"30 Jun",544924,1040689,495765,1.91,"30 Jun",496465,954394,457929,1.92,"30 Jun",496465,954394,457929,1.92,"30 Jun",592664,958371,365707,1.62,"30 Jun",592664,958371,365707,1.62,"30 Jun",599548,1093871,494323,1.82
"41","CGU VACC","30 Jun",15868,68447,52579,4.31,"30 Jun",15868,68447,52579,4.31,"30 Jun",12181,44221,32040,3.63,"30 Jun",12181,44221,32040,3.63,"30 Jun",5290,16163,10873,3.06,"30 Jun",5290,16163,10873,3.06,"30 Jun",5000,13938,8938,2.79,"30 Jun",5000,13938,8938,2.79,"30 Jun",5000,12943,7943,2.59,"30 Jun",5000,12943,7943,2.59,"30 Jun",5000,13984,8984,2.8
"42","CHUBB","31 Dec",74788,196773,121985,2.63,"31 Dec",84791,237753,152962,2.8,"31 Dec",84791,237753,152962,2.8,"31 Dec",94680,253292,158612,2.68,"31 Dec",94680,253292,158612,2.68,"31 Dec",101730,265983,164253,2.61,"31 Dec",101730,265983,164253,2.61,"31 Dec",115841,370403,254562,3.2,"31 Dec",115841,370403,254562,3.2,"31 Dec",136041,355011,218970,2.61,"31 Dec",136041,355011,218970,2.61
"43","CHURCH",NA,NA,NA,NA,NA,NA,NA,NA,NA,NA,NA,NA,NA,NA,NA,NA,NA,NA,NA,NA,NA,NA,NA,NA,NA,NA,NA,NA,NA,NA,"31 Dec",5000,7252,2252,1.45,"31 Dec",5000,7497,2497,1.5,"31 Dec",5000,7497,2497,1.5,"31 Dec",5000,7566,2566,1.51,"31 Dec",5000,7566,2566,1.51
"44","CIC","31 Dec",5000,9641,4641,1.93,"31 Dec",5000,10146,5146,2.03,"31 Dec",5000,10146,5146,2.03,"31 Dec",5000,10581,5581,2.12,"31 Dec",5000,10581,5581,2.12,"31 Dec",5000,11272,6272,2.25,"31 Dec",5000,11272,6272,2.25,"31 Dec",5000,12042,7042,2.41,"31 Dec",5000,12042,7042,2.41,"31 Dec",11978,16556,4578,1.38,"31 Dec",11978,16556,4578,1.38
"45","CIL",NA,NA,NA,NA,NA,NA,NA,NA,NA,NA,NA,NA,NA,NA,NA,NA,NA,NA,NA,NA,NA,NA,NA,NA,NA,"31 Dec",18208,37923,19715,2.08,"31 Dec",17100,30725,13625,1.8,"31 Dec",20181,48433,28252,2.4,"31 Dec",20181,48433,28252,2.4,"31 Dec",22673,47707,25034,2.1,"31 Dec",22673,47707,25034,2.1
"46","COFACE",NA,NA,NA,NA,NA,NA,NA,NA,NA,NA,NA,NA,NA,NA,NA,NA,NA,NA,NA,NA,NA,NA,NA,NA,NA,NA,NA,NA,NA,NA,NA,NA,NA,NA,NA,"31 Dec",25062,23110,-1952,0.92,"31 Dec",25062,23110,-1952,0.92,"31 Dec",5000,21051,16051,4.21,"31 Dec",5000,21051,16051,4.21
"47","COL PROT","30 Jun",5000,6770,1770,1.35,"30 Jun",5000,6770,1770,1.35,"30 Jun",5000,6818,1818,1.36,"30 Jun",5000,6818,1818,1.36,NA,NA,NA,NA,NA,NA,NA,NA,NA,NA,NA,NA,NA,NA,NA,NA,NA,NA,NA,NA,NA,NA,NA,NA,NA,NA,NA,NA,NA,NA,NA,NA,NA,NA,NA
"48","COLOGNE RE","31 Dec",22510,73087,50577,3.25,"31 Dec",14825,121463,106638,8.19,NA,NA,NA,NA,NA,NA,NA,NA,NA,NA,"31 Dec",13749,133226,119477,9.69,"31 Dec",15033,54218,39185,3.61,"31 Dec",15033,54218,39185,3.61,"31 Dec",14621,67136,52515,4.59,"31 Dec",14621,67136,52515,4.59,"31 Dec",10544,84678,74134,8.03,"31 Dec",10544,84678,74134,8.03
"49","COM INSUR","30 Jun",33293,54478,21185,1.64,"30 Jun",33293,54478,21185,1.64,"30 Jun",37461,61518,24057,1.64,"30 Jun",37461,61518,24057,1.64,NA,NA,NA,NA,NA,"30 Jun",39169,51695,12526,1.32,"30 Jun",51718,73082,21364,1.41,NA,NA,NA,NA,NA,"30 Jun",60996,95204,34208,1.56,NA,NA,NA,NA,NA,NA,NA,NA,NA,NA
"50","COM STEAM","30 Jun",2000,2537,537,1.27,"30 Jun",2000,2537,537,1.27,"30 Jun",2000,2333,333,1.17,"30 Jun",2000,2333,333,1.17,"30 Jun",2000,4163,2163,2.08,NA,NA,NA,NA,NA,"30 Jun",2000,4187,2187,2.09,"30 Jun",2000,4187,2187,2.09,NA,NA,NA,NA,NA,"30 Jun",2000,4201,2201,2.1,"30 Jun",2000,4215,2215,2.11
"51","COMBINED","31 Dec",9015,82186,73171,9.12,"31 Dec",8917,78721,69804,8.83,"31 Dec",8917,78721,69804,8.83,"31 Dec",9745,63628,53883,6.53,"31 Dec",9745,63628,53883,6.53,"31 Dec",8931,41111,32180,4.6,NA,NA,NA,NA,NA,"31 Dec",7197,73620,66423,10.23,"31 Dec",7197,73620,66423,10.23,"31 Dec",7024,49315,42291,7.02,"31 Dec",7024,49315,42291,7.02
"52","CONVER","31 Dec",28335,77897,49562,2.75,"31 Dec",21568,92233,70665,4.28,"31 Dec",21568,92233,70665,4.28,"31 Dec",20090,101463,81373,5.05,"31 Dec",20090,101463,81373,5.05,NA,NA,NA,NA,NA,NA,NA,NA,NA,NA,NA,NA,NA,NA,NA,NA,NA,NA,NA,NA,NA,NA,NA,NA,NA,NA,NA,NA,NA,NA
"53","COPENHAGEN","31 Dec",6697,44961,38264,6.71,"31 Dec",5345,46777,41432,8.75,"31 Dec",5345,46777,41432,8.75,"31 Dec",5000,51496,46496,10.3,"31 Dec",5000,51496,46496,10.3,"31 Dec",5000,22466,17466,4.49,"31 Dec",5000,22466,17466,4.49,"31 Dec",5000,15648,10648,3.13,"31 Dec",5000,15648,10648,3.13,"31 Dec",5000,14950,9950,2.99,"31 Dec",5000,14950,9950,2.99
"54","CORRVAS","30 Jun",5000,13402,8402,2.68,"30 Jun",5000,13402,8402,2.68,"30 Jun",5000,14011,9011,2.8,"30 Jun",5000,14011,9011,2.8,"30 Jun",5000,13174,8174,2.63,"30 Jun",5000,13174,8174,2.63,"30 Jun",5000,13113,8113,2.62,"30 Jun",5000,13113,8113,2.62,"30 Jun",3656,13049,9393,3.57,"30 Jun",2808,14479,11671,5.16,"30 Jun",5129,13929,8800,2.72
"55","CREDICORP","30 Jun",5000,6735,1735,1.35,"30 Jun",5000,6735,1735,1.35,"30 Jun",5000,6955,1955,1.39,"30 Jun",5000,6955,1955,1.39,"30 Jun",5000,6274,1274,1.25,"30 Jun",5000,6274,1274,1.25,"30 Jun",5000,6524,1524,1.3,"30 Jun",5000,6524,1524,1.3,"30 Jun",5000,6472,1472,1.29,"30 Jun",5000,6472,1472,1.29,"30 Jun",5000,6613,1613,1.32
"56","CUMIS","31 Dec",8462,32657,24195,3.86,"31 Dec",24444,41787,17343,1.71,"31 Dec",24444,41787,17343,1.71,"31 Dec",23389,46880,23491,2,"31 Dec",23389,46880,23491,2,"31 Dec",28282,56357,28075,1.99,"31 Dec",28282,56357,28075,1.99,"31 Dec",16862,66689,49827,3.95,"31 Dec",16862,66689,49827,3.95,"31 Dec",18188,38555,20367,2.12,"31 Dec",18188,38555,20367,2.12
"57","CURASALUS","30 Sep",44464,50714,6250,1.14,"30 Sep",71010,87698,16688,1.24,"30 Sep",71010,87698,16688,1.24,"30 Sep",58288,95972,37684,1.65,"30 Sep",58288,95972,37684,1.65,"30 Sep",77482,107281,29799,1.38,"30 Sep",77482,107281,29799,1.38,"30 Sep",57782,77653,19871,1.34,"30 Sep",57782,77653,19871,1.34,"30 Sep",62495,79912,17417,1.28,"30 Sep",62495,79912,17417,1.28
"59","DOMESTIC",NA,NA,NA,NA,NA,NA,NA,NA,NA,NA,NA,NA,NA,NA,NA,NA,NA,NA,NA,NA,NA,NA,NA,NA,NA,NA,NA,NA,NA,NA,"31 Mar",5000,7745,2745,1.55,"31 Mar",5000,7745,2745,1.55,"31 Mar",5000,8066,3066,1.61,"31 Mar",5000,8066,3066,1.61,"31 Mar",5000,7429,2429,1.49
"61","EIG ANSVAR","31 Dec",20231,49564,29333,2.45,"31 Dec",22793,61211,38418,2.69,"31 Dec",22828,60715,37887,2.66,"31 Dec",24752,70277,45525,2.84,"31 Dec",24752,70277,45525,2.84,"31 Dec",28646,69808,41162,2.44,"31 Dec",28646,69808,41162,2.44,"31 Dec",32332,72079,39747,2.23,NA,NA,NA,NA,NA,NA,NA,NA,NA,NA,NA,NA,NA,NA,NA
"62","ELDERS","30 Jun",29916,67661,37745,2.26,"30 Jun",29916,67661,37745,2.26,"30 Jun",34041,77003,42962,2.26,"30 Jun",34041,77003,42962,2.26,"30 Jun",33926,65075,31149,1.92,"30 Jun",33926,65075,31149,1.92,"30 Jun",39634,73427,33793,1.85,"30 Sep",39634,73427,33793,1.85,"30 Jun",49552,94715,45163,1.91,"31 Dec",48860,110916,62056,2.27,"31 Dec",48860,110916,62056,2.27
"63","EMPLOY MUT","30 Jun",7915,45026,37111,5.69,"30 Jun",7915,45026,37111,5.69,"30 Jun",8736,52505,43769,6.01,"30 Jun",8736,52505,43769,6.01,"30 Jun",10487,72716,62229,6.93,"30 Jun",10487,72716,62229,6.93,"30 Jun",10134,66355,56221,6.55,"30 Jun",10134,66355,56221,6.55,"30 Jun",12334,70280,57945,5.7,"30 Jun",12334,70280,57945,5.7,"30 Jun",13428,75366,61938,5.61
"64","EMPLOY RE","31 Dec",112281,292249,179968,2.6,"31 Dec",124643,339191,214548,2.72,"31 Dec",124643,339191,214548,2.72,"31 Dec",95691,348558,252867,3.64,"31 Dec",95691,348558,252867,3.64,NA,NA,NA,NA,NA,NA,NA,NA,NA,NA,NA,NA,NA,NA,NA,NA,NA,NA,NA,NA,NA,NA,NA,NA,NA,NA,NA,NA,NA,NA
"65","FARM MIL","31 Mar",5000,17279,12279,3.46,"31 Mar",5000,17279,12279,3.46,"31 Mar",6580,10219,3639,1.55,"31 Mar",6580,10219,3639,1.55,NA,NA,NA,NA,NA,NA,NA,NA,NA,NA,NA,NA,NA,NA,NA,NA,NA,NA,NA,NA,NA,NA,NA,NA,NA,NA,NA,NA,NA,NA,NA,NA,NA,NA,NA
"66","FIRST AM","31 Dec",5000,5550,550,1.11,"31 Dec",5000,6985,1985,1.4,"31 Dec",5000,6985,1985,1.4,"31 Dec",5000,7953,2953,1.59,"31 Dec",5000,7953,2953,1.59,"31 Dec",5000,9684,4684,1.94,"31 Dec",5000,9684,4684,1.94,"31 Dec",5000,8705,3705,1.74,"31 Dec",5000,8705,3705,1.74,"31 Dec",5000,8258,3258,1.65,"31 Dec",5000,8258,3258,1.65
"67","FM INS","31 Dec",14337,97961,83624,6.83,"31 Dec",15201,62682,47481,4.12,"31 Dec",15201,62682,47481,4.12,"31 Dec",17742,111547,93805,6.29,"31 Dec",17742,111547,93805,6.29,"31 Dec",17342,113728,96386,6.56,"31 Dec",17342,113728,96386,6.56,"31 Dec",32085,93247,61162,2.91,"31 Dec",32085,93247,61162,2.91,"31 Dec",36195,120873,84678,3.34,"31 Dec",36195,120873,84678,3.34
"68","FORTRON","30 Jun",8445,7641,-804,0.9,"30 Jun",8346,7641,-705,0.92,"30 Jun",7369,8396,1027,1.14,"30 Jun",7472,8396,924,1.12,"30 Jun",7872,9121,1249,1.16,"30 Jun",7872,9121,1249,1.16,"30 Jun",7003,10169,3166,1.45,"30 Jun",7003,10169,3166,1.45,"30 Jun",NA,NA,NA,NA,NA,NA,NA,NA,NA,NA,NA,NA,NA,NA
"69","GE MORT","31 Dec",327436,901269,573833,2.75,"31 Dec",434257,1030584,596327,2.37,"31 Dec",434257,1030584,596327,2.37,"31 Dec",1130740,1189145,58405,1.05,"31 Dec",1130740,1189145,58405,1.05,NA,NA,NA,NA,NA,NA,NA,NA,NA,NA,NA,NA,NA,NA,NA,NA,NA,NA,NA,NA,NA,NA,NA,NA,NA,NA,NA,NA,NA,NA
"70","GEN LMI",NA,NA,NA,NA,NA,NA,NA,NA,NA,NA,NA,NA,NA,NA,NA,"31 Dec",72767,102387,29620,1.41,"31 Dec",72767,102387,29620,1.41,"31 Dec",45447,67945,22498,1.5,"31 Dec",45447,67945,22498,1.5,"31 Dec",37199,63763,26564,1.71,"31 Dec",37199,63763,26564,1.71,"31 Dec",30203,43001,12798,1.42,"31 Dec",30203,43001,12798,1.42
"71","GEN MORT",NA,NA,NA,NA,NA,NA,NA,NA,NA,NA,NA,NA,NA,NA,NA,NA,NA,NA,NA,NA,NA,NA,NA,NA,NA,"31 Dec",1158200,1525663,367463,1.32,"31 Dec",1158200,1525663,367463,1.32,"31 Dec",1266842,1725758,458916,1.36,"31 Dec",1266842,1725758,458916,1.36,"31 Dec",1493537,1944767,451230,1.3,"31 Dec",1493537,1944767,451230,1.3
"72","GEN RE","31 Dec",115546,195059,79513,1.69,"31 Dec",115126,216702,101576,1.88,"31 Dec",115126,216702,101576,1.88,"31 Dec",113708,221958,108250,1.95,"31 Dec",113708,221958,108250,1.95,"31 Dec",107908,204045,96137,1.89,"31 Dec",107908,204045,96137,1.89,"31 Dec",143011,349884,206873,2.45,"31 Dec",143011,349884,206873,2.45,"31 Dec",110652,393579,282927,3.56,"31 Dec",110652,393579,282927,3.56
"73","GERLING","31 Dec",26855,26222,-633,0.98,"31 Dec",15733,34777,19044,2.21,"31 Dec",15733,34777,19044,2.21,"31 Dec",12626,34035,21409,2.7,"31 Dec",12626,34035,21409,2.7,"31 Dec",11616,32785,21169,2.82,"31 Dec",11616,32785,21169,2.82,"31 Dec",10165,32530,22365,3.2,"31 Dec",10165,32530,22365,3.2,"31 Dec",8322,22295,13973,2.68,"31 Dec",8322,22295,13973,2.68
"74","GIO GEN","30 Jun",470158,973043,502885,2.07,"30 Jun",470158,973043,502885,2.07,"30 Jun",524457,887743,363286,1.69,"30 Jun",524457,887743,363286,1.69,"30 Jun",553115,889581,336466,1.61,"30 Jun",553115,889581,336466,1.61,"30 Jun",601552,826503,224951,1.37,"30 Jun",601552,826503,224951,1.37,"30 Jun",405868,650233,244365,1.6,"30 Jun",405868,650233,244365,1.6,"30 Jun",426555,631669,205114,1.48
"75","GORDIAN","31 Dec",224712,646126,421414,2.88,"31 Dec",172298,733440,561142,4.26,"31 Dec",172298,733440,561142,4.26,"31 Dec",133113,651119,518006,4.89,"31 Dec",133113,651119,518006,4.89,"31 Dec",91652,564992,473340,6.16,"31 Dec",91652,564992,473340,6.16,"31 Dec",84533,574906,490373,6.8,"31 Dec",84533,574906,490373,6.8,"31 Dec",68183,331056,262873,4.86,"31 Dec",68183,331056,262873,4.86
"76","GRT LAKES",NA,NA,NA,NA,NA,NA,NA,NA,NA,NA,NA,NA,NA,NA,NA,NA,NA,NA,NA,NA,NA,NA,NA,NA,NA,NA,NA,NA,NA,NA,"31 Dec",NA,NA,NA,NA,"31 Dec",5789,14675,8886,2.53,"31 Dec",5789,14675,8886,2.53,"31 Dec",10262,21632,11370,2.11,"31 Dec",10262,21632,11370,2.11
"77","GUILD INS","30 Jun",27034,54565,27531,2.02,"30 Jun",27034,54565,27531,2.02,"30 Jun",31846,59002,27156,1.85,"30 Jun",31846,59002,27156,1.85,"30 Jun",36318,74651,38333,2.06,"30 Jun",36318,74651,38333,2.06,"30 Jun",36606,71098,34492,1.94,"30 Jun",36606,71098,34492,1.94,"30 Jun",40431,70889,30458,1.75,"30 Jun",40431,70889,30458,1.75,"30 Jun",56359,100103,43744,1.78
"78","HALLMARK","31 Dec",11875,45358,33483,3.82,"31 Dec",15501,74642,59141,4.82,"31 Dec",15501,74642,59141,4.82,"31 Dec",20931,109311,88380,5.22,"31 Dec",20931,109311,88380,5.22,"31 Dec",19541,137760,118219,7.05,"31 Dec",19541,137760,118219,7.05,"31 Dec",22668,142687,120019,6.29,"31 Dec",22668,142687,120019,6.29,"31 Dec",25639,93221,67582,3.64,"31 Dec",25639,93221,67582,3.64
"79","HANNOVER","31 Dec",126778,192834,66056,1.52,"31 Dec",109426,234081,124655,2.14,"31 Dec",109426,234081,124655,2.14,"31 Dec",113533,174635,61102,1.54,"31 Dec",113533,174635,61102,1.54,"31 Dec",125739,182041,56302,1.45,"31 Dec",125739,182041,56302,1.45,"31 Dec",135448,230288,94840,1.7,"31 Dec",135448,230288,94840,1.7,"31 Dec",143946,272900,128954,1.9,"31 Dec",143946,272900,128954,1.9
"80","HBF INS","30 Jun",8214,30983,22769,3.77,"30 Jun",8214,30983,22769,3.77,"30 Jun",11430,36649,25219,3.21,"30 Jun",11430,36649,25219,3.21,"30 Jun",15689,45791,30102,2.92,"30 Jun",15689,45791,30102,2.92,"30 Jun",17704,45639,27935,2.58,"30 Jun",17704,45639,27935,2.58,"30 Jun",13278,45527,32249,3.43,"30 Jun",13278,45527,32249,3.43,"30 Jun",15496,55236,39740,3.56
"81","HDIGERLING",NA,NA,NA,NA,NA,NA,NA,NA,NA,NA,NA,NA,NA,NA,NA,NA,NA,NA,NA,NA,NA,NA,NA,NA,NA,NA,NA,NA,NA,NA,NA,NA,NA,NA,NA,NA,NA,NA,NA,NA,NA,NA,NA,NA,NA,"31 Dec",5000,13710,8710,2.74,"31 Dec",5000,13710,8710,2.74
"82","HOLLARD","30 Jun",7329,27485,20156,3.75,"30 Jun",7329,27485,20156,3.75,"30 Jun",9666,23830,14164,2.47,"30 Jun",9666,23830,14164,2.47,"30 Jun",10250,31580,21330,3.08,"30 Jun",10250,31580,21330,3.08,"30 Jun",12652,26500,13848,2.09,"30 Jun",12652,26500,13848,2.09,"30 Jun",21681,44290,22609,2.04,"30 Jun",21681,44290,22609,2.04,"30 Jun",25523,50660,25137,1.98
"83","HOTEL",NA,NA,NA,NA,NA,NA,NA,NA,NA,NA,NA,NA,NA,NA,NA,NA,NA,NA,NA,NA,NA,NA,NA,NA,NA,NA,NA,NA,NA,NA,"30 Jun",5000,20460,15460,4.09,"30 Jun",5000,20460,15460,4.09,"30 Jun",5000,22054,17054,4.41,"30 Jun",5000,22054,17054,4.41,"30 Jun",6629,22136,15507,3.34
"84","HPIA","30 Jun",9737,27982,18245,2.87,"30 Jun",9737,27982,18245,2.87,"30 Jun",18703,51663,32960,2.76,"30 Jun",18703,51663,32960,2.76,"30 Jun",19561,62057,42496,3.17,NA,NA,NA,NA,NA,NA,NA,NA,NA,NA,NA,NA,NA,NA,NA,NA,NA,NA,NA,NA,NA,NA,NA,NA,NA,NA,NA,NA,NA,NA
"85","HSB","31 Dec",8847,15937,7090,1.8,"31 Dec",10265,14916,4651,1.45,"31 Dec",10265,29832,4651,1.45,"31 Dec",5000,7345,2345,1.47,"31 Dec",5000,7345,2345,1.47,"31 Dec",5000,12160,7160,2.43,"31 Dec",5000,12160,7160,2.43,"31 Dec",5000,20523,15523,4.1,"31 Dec",5000,20523,15523,4.1,"31 Dec",5000,20191,15191,4.04,"31 Dec",5000,20191,15191,4.04
"86","IAG RE","30 Jun",5000,5835,835,1.17,"30 Jun",5000,5835,835,1.17,"30 Jun",5000,6173,1173,1.23,"30 Jun",5000,6173,1173,1.23,"30 Jun",5000,6464,1464,1.29,NA,NA,NA,NA,NA,NA,NA,NA,NA,NA,NA,NA,NA,NA,NA,NA,NA,NA,NA,NA,NA,NA,NA,NA,NA,NA,NA,NA,NA,NA
"87","IAG RE AUS",NA,NA,NA,NA,NA,NA,NA,NA,NA,NA,NA,NA,NA,NA,NA,NA,NA,NA,NA,NA,"30 Jun",258175,423971,165796,1.64,"30 Jun",258175,423971,165796,1.64,"30 Jun",160787,457827,297040,2.85,"30 Jun",160787,457827,297040,2.85,"30 Jun",196496,457521,261024,2.33,"30 Jun",196496,457521,261024,2.33,"30 Jun",164765,499587,334822,3.03
"88","IAL","30 Jun",1012455,3333557,2321102,3.29,"30 Jun",1012455,3333557,2321102,3.29,"30 Jun",1018082,2664247,1646165,2.62,"30 Jun",1018082,2664247,1646165,2.62,"30 Jun",994772,2689078,1694306,2.7,"30 Jun",994772,2689078,1694306,2.7,"30 Jun",972420,2192969,1220549,2.26,"30 Jun",972420,2192969,1220549,2.26,"30 Jun",1164881,2129089,964208,1.83,"30 Jun",1164881,2137353,972472,1.83,"30 Jun",1304241,2608409,1304168,2
"89","IMA","30 Jun",298507,582426,283919,1.95,"30 Jun",298507,582426,283919,1.95,"30 Jun",276149,636979,360830,2.31,"30 Jun",276149,636979,360830,2.31,"30 Jun",289619,600551,310932,2.07,"30 Jun",289619,600551,310932,2.07,"30 Jun",280962,507890,226928,1.81,"30 Jun",280962,507890,226928,1.81,"30 Jun",290086,614660,324574,2.12,"30 Jun",290086,614660,324574,2.12,"30 Jun",303159,637670,334511,2.1
"90","ING","31 Dec",11958,21200,9242,1.77,"31 Dec",19476,29016,9540,1.49,"31 Dec",19476,29016,9540,1.49,"31 Dec",30100,41723,11623,1.39,"31 Dec",30100,41723,11623,1.39,"31 Dec",34752,58120,23368,1.67,"31 Dec",34752,58120,23368,1.67,"31 Dec",44009,60243,16234,1.37,"31 Dec",44009,60243,16234,1.37,"31 Dec",53382,101976,48594,1.91,NA,NA,NA,NA,NA
"91","INTHANN",NA,NA,NA,NA,NA,NA,NA,NA,NA,NA,NA,NA,NA,NA,NA,NA,NA,NA,NA,NA,NA,NA,NA,NA,NA,NA,NA,NA,NA,NA,NA,NA,NA,NA,NA,"31 Dec",5000,6686,1686,1.34,"31 Dec",5000,6686,1686,1.34,"31 Dec",5000,7923,2923,1.58,"31 Dec",5000,7923,2923,1.58
"92","KEMPER INS","31 Dec",2000,3557,1557,1.78,"31 Dec",2000,3557,1557,1.78,"31 Dec",2000,3557,1557,1.78,NA,NA,NA,NA,NA,"31 Dec",2000,3581,1581,1.79,"31 Dec",2000,3731,1731,1.87,"31 Dec",2000,3731,1731,1.87,"31 Dec",2000,2481,481,1.24,"31 Dec",2000,2481,481,1.24,"31 Dec",2000,2746,746,1.37,"31 Dec",2000,2746,746,1.37
"93","LAWCOVER","30 Jun",14061,18813,4752,1.34,"30 Jun",14061,18813,4752,1.34,NA,NA,NA,NA,NA,"30 Jun",18645,28159,9514,1.51,NA,NA,NA,NA,NA,"30 Jun",21490,39530,18040,1.84,"30 Jun",23591,47970,24379,2.03,NA,NA,NA,NA,NA,"30 Jun",26844,62495,35651,2.33,"30 Jun",26844,62495,35651,2.33,"30 Jun",31100,69456,38356,2.23
"94","LIBERTY","31 Dec",47197,101272,54075,2.15,"31 Dec",52845,114881,62036,2.17,"31 Dec",52845,114881,62036,2.17,"31 Dec",53296,153788,100492,2.89,"31 Dec",53296,153788,100492,2.89,"31 Dec",51655,181905,130250,3.52,"31 Dec",51655,181905,130250,3.52,"31 Dec",75103,125178,50075,1.67,"31 Dec",75103,125178,50075,1.67,NA,NA,NA,NA,NA,NA,NA,NA,NA,NA
"95","LIONHEART","30 Jun",2000,1094,-906,0.55,"30 Jun",2000,1094,-906,0.55,"30 Jun",2000,961,-1039,0.48,"30 Jun",2000,961,-1039,0.48,"30 Jun",NA,NA,NA,NA,"30 Jun",2000,748,-1252,0.37,"30 Jun",2000,4366,2366,2.18,"30 Jun",2000,4366,2366,2.18,NA,NA,NA,NA,NA,"30 Jun",NA,NA,NA,NA,"30 Jun",NA,NA,NA,NA
"96","LUMLEY GEN","30 Jun",67144,118460,51316,1.76,"30 Jun",67144,118460,51316,1.76,"30 Jun",63435,114232,50797,1.8,"30 Jun",63435,114232,50797,1.8,"30 Jun",78444,108471,30027,1.38,"30 Jun",78444,108471,30027,1.38,NA,NA,NA,NA,NA,NA,NA,NA,NA,NA,NA,NA,NA,NA,NA,NA,NA,NA,NA,NA,NA,NA,NA,NA,NA
"97","MASTER BUT","01 Dec",NA,NA,NA,NA,"01 Dec",NA,NA,NA,NA,"01 Dec",NA,NA,NA,NA,"01 Dec",NA,NA,NA,NA,"01 Dec",NA,NA,NA,NA,"01 Dec",NA,NA,NA,NA,"01 Dec",NA,NA,NA,NA,"01 Dec",NA,NA,NA,NA,"01 Dec",NA,NA,NA,NA,"01 Dec",NA,NA,NA,NA,"01 Dec",NA,NA,NA,NA
"98","MDA","30 Jun",16897,39156,22259,2.32,"30 Jun",16897,39156,22259,2.32,"30 Jun",27618,54625,27007,1.98,"30 Jun",27618,54625,27007,1.98,"30 Jun",32350,69777,37427,2.16,NA,NA,NA,NA,NA,"30 Jun",36768,70615,33847,1.92,"30 Jun",36768,70615,33847,1.92,"30 Jun",30276,77464,47188,2.56,"30 Jun",30276,77464,47188,2.56,"30 Jun",31191,99285,68094,3.18
"99","MDU","30 Jun",3500,4774,1274,1.36,"30 Jun",3500,4774,1274,1.36,"30 Jun",3500,5170,1670,1.48,"30 Jun",3500,5170,1670,1.48,"30 Jun",3500,5517,2017,1.58,"30 Jun",3500,5517,2017,1.58,"30 Jun",NA,NA,NA,NA,NA,NA,NA,NA,NA,NA,NA,NA,NA,NA,NA,NA,NA,NA,NA,NA,NA,NA,NA,NA
"100","METLIFE","31 Dec",NA,NA,NA,NA,"31 Dec",NA,NA,NA,NA,"31 Dec",NA,NA,NA,NA,"31 Dec",0,0,0,0,"31 Dec",2000,6734,4734,3.37,"31 Dec",2000,7147,5147,3.57,"31 Dec",2000,7147,5147,3.57,"31 Dec",2000,7578,5578,3.79,"31 Dec",2000,7578,5578,3.79,"31 Dec",2000,8030,6030,4.02,"31 Dec",2000,8030,6030,4.02
"101","MGIC",NA,NA,NA,NA,NA,NA,NA,NA,NA,NA,NA,NA,NA,NA,NA,NA,NA,NA,NA,NA,"31 Dec",NA,NA,NA,NA,"31 Dec",42750,130956,88206,3.06,"31 Dec",42750,130956,88206,3.06,"31 Dec",91954,142190,50236,1.55,"31 Dec",91954,142190,50236,1.55,"31 Dec",88246,142315,54069,1.61,"31 Dec",88246,142315,54069,1.61
"102","MIA","30 Jun",16719,20844,4125,1.25,"30 Jun",16719,20844,4125,1.25,"30 Jun",15654,30719,15065,1.96,"30 Jun",15654,30719,15065,1.96,"30 Jun",18690,40040,21350,2.14,"30 Jun",18690,40040,21350,2.14,"30 Jun",22297,49113,26816,2.2,"30 Jun",22297,49113,26816,2.2,"30 Jun",21247,53868,32621,2.54,"30 Jun",21247,53868,32621,2.54,"30 Jun",24022,68090,44068,2.83
"103","MIPSI",NA,NA,NA,NA,NA,NA,NA,NA,NA,NA,NA,NA,NA,NA,NA,NA,NA,NA,NA,NA,NA,NA,NA,NA,NA,"30 Jun",19561,62057,42496,3.17,"30 Jun",21347,70611,49264,3.31,"30 Jun",21347,70611,49264,3.31,"30 Jun",24460,71520,47060,2.92,"30 Jun",24460,71520,47060,2.92,"30 Jun",25807,79950,54143,3.1
"104","MITSUI","31 Mar",35101,69269,34168,1.97,"31 Mar",35101,69269,34168,1.97,"31 Mar",35444,76467,41023,2.16,"31 Mar",35444,76467,41023,2.16,"31 Mar",35765,85059,49294,2.38,"31 Mar",35765,85059,49294,2.38,"31 Mar",37964,69294,31330,1.83,"31 Mar",37964,69294,31330,1.83,"31 Mar",38693,62098,23405,1.6,"31 Mar",38693,62098,23405,1.6,"31 Mar",27412,66887,39475,2.44
"105","MMIA","31 Dec",114003,208782,94779,1.83,"31 Dec",58243,228187,169944,3.92,"31 Dec",58243,228187,169944,3.92,"31 Dec",53383,183713,130330,3.44,"31 Dec",53383,183713,130330,3.44,"31 Dec",43784,213018,169234,4.87,"31 Dec",43784,213018,169234,4.87,"31 Dec",NA,NA,NA,NA,NA,NA,NA,NA,NA,NA,NA,NA,NA,NA,NA,NA,NA,NA,NA
"106","MRMPL","30 Jun",9186,14513,5327,1.58,"30 Jun",9186,14513,5327,1.58,"30 Jun",10300,14800,4500,1.44,"30 Jun",10300,14800,4500,1.44,"30 Jun",9830,14914,5084,1.52,"30 Jun",9830,14914,5084,1.52,"30 Jun",10473,15291,4818,1.46,"30 Jun",10473,15291,4818,1.46,"30 Jun",12573,18409,5836,1.46,"30 Jun",12573,18409,5836,1.46,"30 Jun",14392,22965,8573,1.6
"107","MTA","30 Jun",5000,17770,12770,3.55,"30 Jun",5000,17770,12770,3.55,"30 Jun",5547,19047,13500,3.43,"30 Jun",5547,19047,13500,3.43,"30 Jun",5906,22472,16566,3.8,"30 Jun",5906,22472,16566,3.8,"30 Jun",6451,18921,12470,2.93,"30 Jun",6451,18921,12470,2.93,"30 Jun",6792,19399,12607,2.86,"30 Jun",6792,19399,12607,2.86,"30 Jun",6930,19218,12288,2.77
"108","MUNICH RE","31 Dec",262850,502534,239684,1.91,"31 Dec",281664,450021,168357,1.6,"31 Dec",281664,450021,168357,1.6,"31 Dec",289327,467415,178088,1.62,"31 Dec",289327,467415,178088,1.62,"31 Dec",311276,476021,164745,1.53,"31 Dec",311276,476021,164745,1.53,"31 Dec",344649,497266,152617,1.44,"31 Dec",344649,497266,152617,1.44,"31 Dec",349646,524604,174958,1.5,"31 Dec",349646,524604,174958,1.5
"109","MUNICIPAL","30 Jun",2000,8529,6529,4.26,"30 Jun",2000,8529,6529,4.26,"30 Jun",2000,9655,7655,4.83,"30 Jun",2000,9655,7655,4.83,"30 Jun",2000,9376,7376,4.69,"30 Jun",2000,9376,7376,4.69,"30 Jun",2000,9500,7500,4.75,"30 Jun",2000,9500,7500,4.75,"30 Jun",2000,9749,7749,4.87,"30 Jun",2000,9749,7749,4.87,NA,NA,NA,NA,NA
"110","MUT COMM","30 Jun",5000,11550,6550,2.31,"30 Jun",5000,11550,6550,2.31,"30 Jun",5000,15893,10893,3.18,"30 Jun",5000,15893,10893,3.18,"30 Jun",5000,13010,8010,2.6,"30 Jun",5000,13010,8010,2.6,"30 Jun",5000,14703,9703,2.94,"30 Jun",5000,14703,9703,2.94,"30 Jun",5054,15931,10877,3.15,"30 Jun",5054,15931,10877,3.15,"30 Jun",5744,14344,8600,2.5
"111","NEW INDIA","31 Mar",5000,16513,11513,3.3,"31 Mar",5000,16513,11513,3.3,"31 Mar",5000,16965,11965,3.39,"31 Mar",5000,16965,11965,3.39,"31 Mar",5000,20356,15356,4.07,"31 Mar",5000,20356,15356,4.07,"31 Mar",5000,24806,19806,4.96,"31 Mar",5000,24806,19806,4.96,"31 Mar",6369,29218,22849,4.59,"31 Mar",6369,29218,22849,4.59,"31 Mar",9715,35930,26215,3.7
"112","NIPPONKOA","31 Mar",5000,15636,10636,3.13,"31 Mar",5000,15636,10636,3.13,"31 Mar",5000,17612,12612,3.52,"31 Mar",5000,17612,12612,3.52,"31 Mar",5000,19418,14418,3.88,"31 Mar",5000,19418,14418,3.88,"31 Mar",5000,20778,15778,4.16,"31 Mar",5000,20778,15778,4.16,"31 Mar",5000,21084,16084,4.22,"31 Mar",5000,21084,16084,4.22,"31 Mar",5000,21332,16332,4.27
"113","NORTH","31 Dec",5000,8328,3328,1.67,"31 Dec",5000,10007,5007,2,"31 Dec",5000,10007,5007,2,"31 Dec",5000,10724,5724,2.14,"31 Dec",5000,10724,5724,2.14,"31 Dec",6375,12177,5802,1.91,"31 Dec",6375,12177,5802,1.91,"31 Dec",5966,12677,6711,2.12,"31 Dec",5966,12677,6711,2.12,"31 Dec",5764,13753,7989,2.39,"31 Dec",5764,13753,7989,2.39
"114","NRG LONDON","31 Dec",5000,14333,9333,2.87,"31 Dec",5000,14395,9395,2.88,"31 Dec",5000,14395,9395,2.88,"31 Dec",5000,15962,10962,3.19,"31 Dec",5000,15962,10962,3.19,NA,NA,NA,NA,NA,NA,NA,NA,NA,NA,NA,NA,NA,NA,NA,NA,NA,NA,NA,NA,NA,NA,NA,NA,NA,NA,NA,NA,NA,NA
"115","NRG VIC","31 Dec",5111,25900,20789,5.07,"31 Dec",5000,34217,29217,6.84,"31 Dec",5000,34217,29217,6.84,"31 Dec",5000,25322,20322,5.06,"31 Dec",5000,25322,20322,5.06,NA,NA,NA,NA,NA,NA,NA,NA,NA,NA,NA,NA,NA,NA,NA,NA,NA,NA,NA,NA,NA,NA,NA,NA,NA,NA,NA,NA,NA,NA
"116","NZI AUS","30 Jun",40555,76448,35893,1.89,"30 Jun",40555,76448,35893,1.89,"30 Jun",38784,93654,54870,2.41,"30 Jun",38784,93654,54870,2.41,NA,NA,NA,NA,NA,NA,NA,NA,NA,NA,NA,NA,NA,NA,NA,NA,NA,NA,NA,NA,NA,NA,NA,NA,NA,NA,NA,NA,NA,NA,NA,NA,NA,NA,NA
"117","OPG",NA,NA,NA,NA,NA,NA,NA,NA,NA,NA,NA,NA,NA,NA,NA,NA,NA,NA,NA,NA,NA,NA,NA,NA,NA,NA,NA,NA,NA,NA,NA,NA,NA,NA,NA,NA,NA,NA,NA,NA,NA,NA,NA,NA,NA,NA,NA,NA,NA,NA,"31 Dec",53382,101976,48594,1.91
"118","OPTUS","31 Mar",5000,12930,7930,2.59,"31 Mar",5000,12930,7930,2.59,"31 Mar",5000,7747,2747,1.55,"31 Mar",5000,7747,2747,1.55,"31 Mar",5000,14346,9346,2.87,"31 Mar",5000,14346,9346,2.87,"31 Mar",5000,18385,13385,3.68,"31 Mar",5000,18385,13385,3.68,"31 Mar",5000,12966,7966,2.59,"31 Mar",5000,12966,7966,2.59,"31 Mar",5000,14396,9396,2.88
"119","OVOID","30 Jun",NA,NA,NA,NA,NA,NA,NA,NA,NA,NA,NA,NA,NA,NA,NA,NA,NA,NA,NA,NA,NA,NA,NA,NA,NA,NA,NA,NA,NA,NA,NA,NA,NA,NA,NA,NA,NA,NA,NA,NA,NA,NA,NA,NA,NA,NA,NA,NA,NA,NA,NA,NA,NA,NA
"120","PACIFIC",NA,NA,NA,NA,NA,NA,NA,NA,NA,NA,NA,NA,NA,NA,NA,NA,NA,NA,NA,NA,NA,NA,NA,NA,NA,NA,NA,NA,NA,NA,NA,NA,NA,NA,NA,"30 Jun",NA,NA,NA,NA,"30 Jun",5000,9509,4509,1.9,"30 Jun",5000,9509,4509,1.9,"30 Jun",5000,10301,5301,2.06
"121","PIA","30 Jun",5000,19078,14078,3.82,"30 Jun",5000,19078,14078,3.82,"30 Jun",5000,20913,15913,4.18,"30 Jun",5000,20913,15913,4.18,"30 Jun",5000,23538,18538,4.71,"30 Jun",5000,23538,18538,4.71,"30 Jun",5000,22716,17716,4.54,"30 Jun",5000,22716,17716,4.54,"30 Jun",5000,25713,20713,5.14,"30 Jun",5000,25713,20713,5.14,"30 Jun",5000,29548,24548,5.91
"122","PIICA","30 Jun",15396,29255,13859,1.9,"30 Jun",15396,29255,13859,1.9,"30 Jun",23181,30240,7059,1.3,"30 Jun",23181,38628,15447,1.67,"30 Jun",25250,51704,26454,2.05,"30 Jun",25250,51704,26454,2.05,NA,NA,NA,NA,NA,NA,NA,NA,NA,NA,NA,NA,NA,NA,NA,NA,NA,NA,NA,NA,NA,NA,NA,NA,NA
"123","PLMI","31 Dec",5612,8737,3125,1.56,"31 Dec",5000,9753,4753,1.95,"31 Dec",5000,9753,4753,1.95,"31 Dec",10863,12270,1407,1.13,"31 Dec",10863,12270,1407,1.13,"31 Dec",12389,15762,3373,1.27,"31 Dec",12389,15762,3373,1.27,"31 Dec",10945,14976,4031,1.37,"31 Dec",10945,14976,4031,1.37,"31 Dec",10039,14185,4146,1.41,"31 Dec",10039,14185,4146,1.41
"124","PMI IND","31 Dec",39028,132993,93965,3.41,"31 Dec",27380,131224,103844,4.79,"31 Dec",27380,131224,103844,4.79,NA,NA,NA,NA,NA,NA,NA,NA,NA,NA,NA,NA,NA,NA,NA,NA,NA,NA,NA,NA,NA,NA,NA,NA,NA,NA,NA,NA,NA,NA,NA,NA,NA,NA,NA,NA,NA,NA,NA,NA
"125","PMI MORT","31 Dec",195142,588573,393431,3.02,"31 Dec",250520,745892,495372,2.98,"31 Dec",250520,745892,495372,2.98,"31 Dec",752418,1042202,289784,1.39,"31 Dec",752418,1042202,289784,1.39,"31 Dec",873394,1132545,259151,1.3,"31 Dec",873394,1132545,259151,1.3,NA,NA,NA,NA,NA,NA,NA,NA,NA,NA,NA,NA,NA,NA,NA,NA,NA,NA,NA,NA
"126","POSEIDON","30 Jun",2000,2951,951,1.48,"30 Jun",2000,2951,951,1.48,"30 Jun",2000,2879,879,1.49,"30 Jun",2000,2879,879,1.49,"30 Jun",2000,2830,830,1.42,"30 Jun",2000,2830,830,1.42,"30 Jun",2000,2853,853,1.43,"30 Jun",2000,2853,853,1.43,"30 Jun",2000,3008,1008,1.5,"30 Jun",2000,3008,1008,1.5,"30 Jun",2000,3104,1104,1.55
"127","PROGDIRECT",NA,NA,NA,NA,NA,NA,NA,NA,NA,NA,NA,NA,NA,NA,NA,NA,NA,NA,NA,NA,NA,NA,NA,NA,NA,NA,NA,NA,NA,NA,NA,NA,NA,NA,NA,NA,NA,NA,NA,NA,NA,NA,NA,NA,NA,"31 Dec",5000,14106,9106,2.82,"31 Dec",5000,14106,9106,2.82
"128","QBE AUS","31 Dec",557183,986679,429496,1.77,"31 Dec",632046,1199782,567736,1.9,"31 Dec",632046,1199782,567736,1.9,"31 Dec",651891,1258502,606611,1.93,"31 Dec",651891,1258502,606611,1.93,"31 Dec",685867,1383575,697708,2.02,"31 Dec",685867,1383575,697708,2.02,"31 Dec",829425,1112948,283523,1.34,"31 Dec",829425,1112948,283523,1.34,"31 Dec",836800,1467769,630969,1.75,"31 Dec",836800,1467769,630969,1.75
"129","QBE INT","31 Dec",91674,336484,244810,3.67,"31 Dec",71361,376319,304958,5.27,"31 Dec",71361,376319,304958,5.27,"31 Dec",84450,408687,324237,4.84,"31 Dec",84450,408687,324237,4.84,"31 Dec",77799,461453,383654,5.93,"31 Dec",77799,461453,383654,5.93,"31 Dec",94778,429067,334290,4.53,"31 Dec",94778,429067,334290,4.53,"31 Dec",83110,412874,329764,4.97,"31 Dec",83110,412874,329764,4.97
"130","QBE LMI",NA,NA,NA,NA,NA,NA,NA,NA,NA,NA,NA,NA,NA,NA,NA,NA,NA,NA,NA,NA,NA,NA,NA,NA,NA,NA,NA,NA,NA,NA,NA,NA,NA,NA,NA,"31 Dec",589843,1115234,525391,1.89,"31 Dec",589843,1115234,525391,1.89,"31 Dec",783100,1295343,512243,1.65,"31 Dec",783100,1295343,512243,1.65
"131","RAA","30 Jun",8286,19494,11208,2.35,"30 Jun",8286,19494,11208,2.35,"30 Jun",9023,22366,13343,2.48,"30 Jun",9023,22366,13343,2.48,"30 Jun",10444,22534,12090,2.16,"30 Jun",10444,22534,12090,2.16,"30 Jun",11006,23234,12228,2.11,"30 Jun",11006,23234,12228,2.11,"30 Jun",12856,26140,13284,2.03,"30 Jun",12856,26140,13284,2.03,"30 Jun",14727,30671,15944,2.08
"132","RAC","31 Dec",22103,100716,78613,4.56,"31 Dec",24358,105569,81211,4.33,"31 Dec",24358,105569,81211,4.33,"31 Dec",25627,102121,76494,3.98,"30 Jun",25627,102121,76494,3.98,"30 Jun",27726,92770,65044,3.35,"30 Jun",30864,88690,57826,2.87,"30 Jun",30864,88690,57826,2.87,"30 Jun",35625,102220,66595,2.87,"30 Jun",35625,102220,66595,2.87,"30 Jun",44859,103484,58625,2.31
"133","RACQ","31 Dec",97496,163523,66027,1.68,"31 Dec",108120,185822,77702,1.72,"31 Dec",108120,185822,77702,1.72,"31 Dec",114954,222607,107653,1.94,"31 Dec",114954,222607,107653,1.94,"31 Dec",121325,236832,115507,1.95,"31 Dec",121325,236832,115507,1.95,"31 Dec",140298,209311,69013,1.49,"31 Dec",140298,209311,69013,1.49,"31 Dec",135239,295405,160166,2.18,"31 Dec",135239,295405,160166,2.18
"134","RACT","30 Jun",5939,9198,3259,1.55,"30 Jun",5939,9198,3259,1.55,"30 Jun",6487,9894,3407,1.53,"30 Jun",6487,9894,3407,1.53,"30 Jun",6944,14167,7223,2.04,"30 Jun",6944,14167,7223,2.04,"30 Jun",7395,11789,4394,1.59,"30 Jun",7395,11789,4394,1.59,"30 Jun",7659,13268,5609,1.73,"30 Jun",7659,13268,5609,1.73,"30 Jun",8251,15502,7251,1.88
"135","REALCOVER",NA,NA,NA,NA,NA,NA,NA,NA,NA,NA,NA,NA,NA,NA,NA,NA,NA,NA,NA,NA,NA,NA,NA,NA,NA,NA,NA,NA,NA,NA,NA,NA,NA,NA,NA,"30 Jun",NA,NA,NA,NA,"30 Jun",2000,3489,1489,1.74,"30 Jun",2000,3489,1489,1.74,"30 Jun",2000,3452,1452,1.73
"136","RURAL","30 Jun",2000,1473,-527,0.74,"30 Jun",2000,1473,-527,0.74,NA,NA,NA,NA,NA,NA,NA,NA,NA,NA,"30 Jun",2000,870,-1130,0.44,"30 Jun",2000,870,-1130,0.44,"30 Jun",2000,868,-1132,0.43,"30 Jun",2000,868,-1132,0.43,"30 Jun",2000,2200,200,1.1,"30 Jun",2000,2200,200,1.1,"30 Jun",NA,NA,NA,NA
"137","SCOR","31 Dec",8681,42584,33903,4.91,"31 Dec",11380,38704,27324,3.4,"31 Dec",11380,38704,27324,3.4,"31 Dec",14083,36054,21971,2.56,NA,NA,NA,NA,NA,"31 Dec",14787,39212,24425,2.65,"31 Dec",14787,39212,24425,2.65,"31 Dec",25884,49563,23679,1.91,"31 Dec",25884,49563,23679,1.91,"31 Dec",36975,75081,38106,2.03,"31 Dec",36975,75081,38106,2.03
"138","SCROSS",NA,NA,NA,NA,NA,NA,NA,NA,NA,NA,NA,NA,NA,NA,NA,NA,NA,NA,NA,NA,NA,NA,NA,NA,NA,NA,NA,NA,NA,NA,NA,NA,NA,NA,NA,NA,NA,NA,NA,NA,"30 Jun",5000,7451,2451,1.49,"30 Jun",5000,7451,2451,1.49,"30 Jun",5000,6877,1877,1.38
"139","SGIA",NA,NA,NA,NA,NA,NA,NA,NA,NA,NA,NA,NA,NA,NA,NA,"30 Sep",NA,NA,NA,NA,"30 Sep",NA,NA,NA,NA,"30 Sep",190959,280544,89585,1.47,"30 Sep",190959,280544,89585,1.47,"30 Sep",201864,302809,100945,1.5,"30 Sep",201864,302809,100945,1.5,"30 Sep",332228,514756,182528,1.55,"30 Sep",332228,514756,182528,1.55
"140","SIRIUS",NA,NA,NA,NA,NA,NA,NA,NA,NA,NA,NA,NA,NA,NA,NA,NA,NA,NA,NA,NA,NA,NA,NA,NA,NA,NA,NA,NA,NA,NA,NA,NA,NA,NA,NA,NA,NA,NA,NA,NA,"31 Dec",NA,NA,NA,NA,NA,NA,NA,NA,NA,"31 Dec",5451,8237,2786,1.51
"141","SOMPO","31 Dec",5000,26702,21702,5.34,"31 Dec",5075,26453,21378,5.21,"31 Dec",5075,26453,21378,5.21,"31 Dec",5000,17375,12375,3.48,"31 Dec",5000,17375,12375,3.48,"31 Dec",5000,19332,14332,3.87,"31 Dec",5000,19332,14332,3.87,NA,NA,NA,NA,NA,"31 Dec",5000,21262,16262,4.25,"31 Dec",5000,22112,17112,4.42,NA,NA,NA,NA,NA
"142","SOVEREIGN",NA,NA,NA,NA,NA,NA,NA,NA,NA,NA,NA,NA,NA,NA,NA,NA,NA,NA,NA,NA,NA,NA,NA,NA,NA,NA,NA,NA,NA,NA,NA,NA,NA,NA,NA,NA,NA,NA,NA,NA,NA,NA,NA,NA,NA,"30 Jun",NA,NA,NA,NA,"30 Jun",5000,6205,1205,1.24
"143","SPHERE DRA","31 Dec",2000,4141,2141,2.07,"31 Dec",2000,4439,2439,2.22,"31 Dec",2000,4439,2439,2.22,"31 Dec",2000,4219,2219,2.11,"31 Dec",2000,4219,2219,2.11,"31 Dec",2000,4337,2337,2.17,"31 Dec",2000,4337,2337,2.17,"31 Dec",2000,4120,2120,2.06,NA,NA,NA,NA,NA,"31 Dec",NA,NA,NA,NA,NA,NA,NA,NA,NA
"144","SR INT",NA,NA,NA,NA,NA,NA,NA,NA,NA,NA,NA,NA,NA,NA,NA,NA,NA,NA,NA,NA,NA,NA,NA,NA,NA,NA,NA,NA,NA,NA,NA,NA,NA,NA,NA,NA,NA,NA,NA,NA,NA,NA,NA,NA,NA,"31 Dec",NA,NA,NA,NA,"31 Dec",NA,NA,NA,NA
"145","SSL",NA,NA,NA,NA,NA,NA,NA,NA,NA,NA,NA,NA,NA,NA,NA,NA,NA,NA,NA,NA,NA,NA,NA,NA,NA,"31 Dec",24078,105996,81918,4.4,"31 Dec",24078,105996,81918,4.4,"31 Dec",14297,123422,109125,8.63,"31 Dec",14297,123422,109125,8.63,"31 Dec",NA,NA,NA,NA,NA,NA,NA,NA,NA
"146","ST ANDREW","31 Dec",5000,15646,10646,3.13,"31 Dec",5000,19967,14967,3.99,"31 Dec",5000,19967,14967,3.99,"31 Dec",5000,10602,5602,2.12,"31 Dec",5000,10602,5602,2.12,"31 Dec",5000,15610,10610,3.12,NA,NA,NA,NA,NA,"30 Jun",5000,15170,10170,3.03,"30 Jun",5307,16408,11101,3.09,"30 Jun",5307,16408,11101,3.09,"30 Jun",6285,17179,10894,2.73
"147","ST PAUL","30 Sep",17934,32027,14093,1.79,"30 Sep",14052,27485,13433,1.96,"30 Sep",14052,27485,13433,1.96,"30 Sep",12589,29932,17343,2.38,"30 Sep",12589,29932,17343,2.38,NA,NA,NA,NA,NA,NA,NA,NA,NA,NA,NA,NA,NA,NA,NA,NA,NA,NA,NA,NA,NA,NA,NA,NA,NA,NA,NA,NA,NA,NA
"148","STATECOVER","30 Jun",19293,33405,14112,1.73,"30 Jun",19293,33405,14112,1.73,"30 Jun",22260,44789,22529,2.01,"30 Jun",22260,44789,22529,2.01,"30 Jun",25111,46689,21578,1.86,"30 Jun",25111,46689,21578,1.86,"30 Jun",28525,43945,15420,1.54,"30 Jun",28525,43945,15420,1.54,"30 Jun",30513,55058,24545,1.8,"30 Jun",30513,55058,24545,1.8,"30 Jun",35920,75366,39446,2.1
"149","STEWART","31 Dec",5000,6135,1135,1.23,"31 Dec",5000,7864,2864,1.57,"31 Dec",5000,7864,2864,1.57,"31 Dec",5000,7412,2412,1.48,"31 Dec",5000,7412,2412,1.48,"31 Dec",5000,7033,2033,1.41,"31 Dec",5000,7033,2033,1.41,"31 Dec",5000,8403,3403,1.68,"31 Dec",5000,8403,3403,1.68,"31 Dec",5000,7925,2925,1.59,"31 Dec",5000,7925,2925,1.59
"150","SUNCORP","30 Jun",590730,1361475,770745,2.3,"30 Jun",590730,1361475,770745,2.3,"30 Jun",679339,1544762,865423,2.27,"30 Jun",679339,1544762,865423,2.27,"30 Jun",695783,1464273,768490,2.1,"30 Jun",695783,1464273,768490,2.1,"30 Jun",588379,1387587,799208,2.36,"30 Jun",588379,1387587,799208,2.36,"30 Jun",605466,1384841,779375,2.29,"30 Jun",605466,1384841,779375,2.29,"30 Jun",593203,1238145,644942,2.09
"151","SUNDERLAND","31 Dec",5000,8054,3054,1.61,"31 Dec",5000,11603,6603,2.32,"31 Dec",5000,12088,7088,2.42,"31 Dec",5000,6513,1513,1.3,"31 Dec",5000,6513,1513,1.3,"31 Dec",5000,9426,4426,1.89,"31 Dec",5000,9426,4426,1.89,"31 Dec",5000,6987,1987,1.4,"31 Dec",5000,6987,1987,1.4,"31 Dec",5244,6200,956,1.18,"31 Dec",5244,6200,956,1.18
"152","SUNSTATE","30 Jun",5937,8267,2330,1.39,"30 Jun",5937,8267,2330,1.39,"30 Jun",8628,11079,2451,1.28,"30 Jun",8628,11079,2451,1.28,"30 Jun",10739,12975,2236,1.21,"30 Jun",10739,12975,2236,1.21,"30 Jun",13232,17240,4008,1.3,"30 Jun",13232,17240,4008,1.3,"30 Jun",NA,NA,NA,NA,NA,NA,NA,NA,NA,NA,NA,NA,NA,NA
"153","SWANN","30 Jun",48385,105334,56949,2.18,"30 Jun",48385,105334,56949,2.18,"30 Jun",59106,115888,56782,1.96,"30 Jun",59106,115888,56782,1.96,"30 Jun",50219,149768,99549,2.98,"30 Jun",50219,149768,99549,2.98,"30 Jun",41063,132526,91463,3.23,"30 Jun",41063,132526,91463,3.23,"30 Jun",35698,120618,84920,3.38,"30 Jun",35698,120618,84920,3.38,"30 Jun",40334,129782,89448,3.22
"154","SWISS RE","31 Dec",115483,471490,356007,4.08,"31 Dec",295138,578101,282963,1.96,"31 Dec",295138,578101,282963,1.96,"31 Dec",271462,550608,279146,2.03,"31 Dec",271462,550608,279146,2.03,"31 Dec",283666,455800,172134,1.61,"31 Dec",283666,455800,172134,1.61,"31 Dec",283347,474072,190725,1.67,"31 Dec",283347,474072,190725,1.67,"31 Dec",255073,591346,336273,2.32,"31 Dec",255073,591346,336273,2.32
"155","TAXI","30 Jun",284,1631,1347,5.73,"30 Jun",284,1631,1347,5.73,"30 Jun",306,1924,1618,6.29,"30 Jun",306,1924,1618,6.29,"30 Jun",334,2076,1742,6.22,"30 Jun",334,2076,1742,6.22,"30 Jun",389,2404,2015,6.18,"30 Jun",389,2404,2015,6.18,"30 Jun",312,2464,2152,7.9,"30 Jun",312,2464,2152,7.9,NA,NA,NA,NA,NA
"156","TGI AUS","31 Dec",25239,74254,49015,2.94,"31 Dec",43829,78653,34824,1.79,"31 Dec",43829,78653,34824,1.79,"31 Dec",19769,86099,66330,4.36,"31 Dec",19769,86099,66330,4.36,"31 Dec",15880,99856,83976,6.29,"31 Dec",15880,99856,83976,6.29,"31 Dec",12913,71294,58381,5.52,"31 Dec",12913,71294,58381,5.52,"31 Dec",12615,37853,25238,3,"31 Dec",12615,37853,25238,3
"157","TMIC","30 Jun",5000,6961,1961,1.39,"30 Jun",5000,6961,1961,1.39,"30 Jun",8476,12260,3784,1.45,"30 Jun",8476,12260,3784,1.45,"30 Jun",11823,20211,8388,1.71,"30 Jun",11823,20211,8388,1.71,"30 Jun",14637,22267,7630,1.52,"30 Jun",14637,22267,7630,1.52,"30 Jun",6270,13216,6946,2.11,"30 Jun",7596,12571,4975,1.65,"30 Jun",6412,23863,17451,3.72
"158","TOKIO","31 Mar",11366,62424,51058,5.49,"31 Mar",11366,62424,51058,5.49,"31 Mar",20496,70991,50495,3.46,"31 Mar",20496,70991,50495,3.46,"31 Mar",18241,75910,57669,4.16,"31 Mar",18241,75910,57669,4.16,"31 Mar",19373,76731,57358,3.96,"31 Mar",19373,76731,57358,3.96,"31 Mar",23147,65832,42685,2.84,"31 Mar",23147,65832,42685,2.84,"31 Mar",21625,69513,47888,3.21
"160","TOWER","30 Sep",5000,25697,20697,5.14,"30 Sep",5575,27012,21437,4.85,"30 Sep",5575,27012,21437,4.85,"30 Sep",5541,28974,23433,5.23,"30 Sep",5541,28974,23433,5.23,"30 Sep",5578,30169,24591,5.41,"30 Sep",5578,30169,24591,5.41,"30 Sep",9622,30291,20669,3.15,"30 Sep",9622,30291,20669,3.15,"30 Sep",9871,31242,21371,3.17,"30 Sep",9871,31242,21371,3.17
"161","TRAVELERS",NA,NA,NA,NA,NA,NA,NA,NA,NA,NA,NA,NA,NA,NA,NA,NA,NA,NA,NA,NA,NA,NA,NA,NA,NA,NA,NA,NA,NA,NA,"30 Sep",8094,46799,38705,5.78,"30 Sep",5694,35823,30129,6.29,"30 Sep",5694,35823,30129,6.29,"30 Sep",5000,37148,32148,7.43,"30 Sep",5000,37148,32148,7.43
"162","TRC","31 Dec",6682,21219,14537,3.18,"31 Dec",8450,27657,19207,3.27,"31 Dec",8450,27657,19207,3.27,"31 Dec",13017,33822,20805,2.6,"31 Dec",13017,33822,20805,2.6,"31 Dec",13569,43691,30122,3.22,"31 Dec",13569,43691,30122,3.22,"31 Dec",14044,54882,40838,3.91,"31 Dec",14044,54882,40838,3.91,"31 Dec",35650,64997,29347,1.82,"31 Dec",35650,64997,29347,1.82
"163","TTCLUB",NA,NA,NA,NA,NA,NA,NA,NA,NA,NA,NA,NA,NA,NA,NA,NA,NA,NA,NA,NA,NA,NA,NA,NA,NA,NA,NA,NA,NA,NA,NA,NA,NA,NA,NA,"31 Dec",NA,NA,NA,NA,"31 Dec",NA,NA,NA,NA,"31 Dec",5000,5191,191,1.04,"31 Dec",5000,5191,191,1.04
"164","VERO","31 Dec",669144,1633279,964135,2.44,"31 Dec",718057,2017761,1299704,2.81,"31 Dec",718057,2017761,1299704,2.81,"31 Dec",690479,1721588,1031109,2.49,"30 Jun",690479,1721588,1031109,2.49,"30 Jun",701469,1816773,1115304,2.59,"30 Jun",678326,883326,205000,1.3,"30 Jun",678326,883326,205000,1.3,"30 Jun",845532,2483956,1638424,2.94,"30 Jun",845532,2483956,1638424,2.94,"30 Jun",816311,2343263,1526952,2.87
"165","VERO LMI","31 Dec",78206,211027,132821,2.7,"31 Dec",59131,243158,184027,4.11,"31 Dec",59131,243158,184027,4.11,NA,NA,NA,NA,NA,NA,NA,NA,NA,NA,NA,NA,NA,NA,NA,NA,NA,NA,NA,NA,NA,NA,NA,NA,NA,NA,NA,NA,NA,NA,NA,NA,NA,NA,NA,NA,NA,NA,NA,NA
"166","VIRGINIA","31 Dec",5000,11749,6749,2.35,"31 Dec",5000,17233,12233,3.45,"31 Dec",5000,17233,12233,3.45,"31 Dec",5000,20958,15958,4.19,"31 Dec",5000,20958,15958,4.19,"31 Dec",5000,21973,16973,4.39,"31 Dec",5000,21973,16973,4.39,"31 Dec",5000,20857,15857,4.17,"31 Dec",5000,20857,15857,4.17,"31 Dec",6506,17035,10529,2.62,"31 Dec",6506,17035,10529,2.62
"167","WESFARMERS","30 Jun",35675,77171,41496,2.16,"30 Jun",35675,77171,41496,2.16,"30 Jun",37859,75840,37981,2,"30 Jun",37859,75840,37981,2,"30 Jun",39262,76396,37134,1.95,"30 Jun",39262,76396,37134,1.95,"30 Jun",42241,98899,56658,2.34,"30 Jun",42241,98899,56658,2.34,NA,NA,NA,NA,NA,NA,NA,NA,NA,NA,NA,NA,NA,NA,NA
"168","WESTERN","31 Dec",5000,11403,6403,2.28,"31 Dec",5000,18105,13105,3.62,"31 Dec",5000,18105,13105,3.62,"31 Dec",51007,40356,-10651,0.79,"31 Dec",51007,40356,-10651,0.79,NA,NA,NA,NA,NA,NA,NA,NA,NA,NA,NA,NA,NA,NA,NA,NA,NA,NA,NA,NA,NA,NA,NA,NA,NA,NA,NA,NA,NA,NA
"169","WESTPAC","30 Sep",22468,59985,37517,2.67,"30 Sep",27025,66659,39634,2.47,"30 Sep",27025,66659,39634,2.47,"30 Sep",29029,63191,34162,2.18,"30 Sep",29029,63191,34162,2.18,"30 Sep",32860,76774,43914,2.34,"30 Sep",32860,76774,43914,2.34,"30 Sep",32823,77282,44459,2.35,"30 Sep",32823,77282,44459,2.35,"30 Sep",35383,71277,35894,2.01,"30 Sep",35383,71277,35894,2.01
"170","WESTPORT",NA,NA,NA,NA,NA,NA,NA,NA,NA,NA,NA,NA,NA,NA,NA,NA,NA,NA,NA,NA,NA,NA,NA,NA,NA,"31 Dec",76166,251041,174875,3.3,"31 Dec",76166,251041,174875,3.3,"31 Dec",81803,190495,108692,2.33,"31 Dec",81803,190495,108692,2.33,"31 Dec",70467,176596,106129,2.51,"31 Dec",70467,176596,106129,2.51
"171","WGI",NA,NA,NA,NA,NA,NA,NA,NA,NA,NA,NA,NA,NA,NA,NA,NA,NA,NA,NA,NA,NA,NA,NA,NA,NA,NA,NA,NA,NA,NA,NA,NA,NA,NA,NA,"30 Jun",116573,189649,73076,1.63,"30 Jun",181527,290309,108782,1.6,"30 Jun",181527,290309,108782,1.6,"30 Jun",186607,316090,129483,1.69
"172","WPAC LMI","30 Sep",34584,70007,35423,2.02,"30 Sep",39948,101112,61164,2.53,"30 Sep",39948,101112,61164,2.53,"30 Sep",107812,147547,39735,1.37,"30 Sep",107812,147547,39735,1.37,"30 Sep",131659,178264,46605,1.35,"30 Sep",131659,178264,46605,1.35,"30 Sep",159119,208134,49015,1.31,"30 Sep",159119,208134,49015,1.31,"30 Sep",277096,358974,81878,1.3,"30 Sep",277096,358974,81878,1.3
"173","WRBERKLEY",NA,NA,NA,NA,NA,NA,NA,NA,NA,NA,NA,NA,NA,NA,NA,NA,NA,NA,NA,NA,NA,NA,NA,NA,NA,"31 Dec",8282,24785,16503,2.99,"31 Dec",8282,24785,16503,2.99,"31 Dec",13615,29649,16034,2.18,"31 Dec",13615,29649,16034,2.18,"31 Dec",12530,28946,16416,2.31,"31 Dec",12530,28946,16416,2.31
"174","XL INS","31 Dec",30533,44712,14179,1.46,"31 Dec",22922,59614,36692,2.6,"31 Dec",22922,59614,36692,2.6,"31 Dec",23201,70114,46913,3.02,"31 Dec",23201,70114,46913,3.02,"31 Dec",21568,66620,45052,3.09,"31 Dec",21568,66620,45052,3.09,"31 Dec",25405,73768,48363,2.9,"31 Dec",25405,73768,48363,2.9,"31 Dec",27939,61201,33262,2.19,"31 Dec",27939,61201,33262,2.19
"175","XL RE","31 Dec",7652,14178,6526,1.85,"31 Dec",7394,20007,12613,2.71,"31 Dec",7394,20007,12613,2.71,"31 Dec",5838,25924,20086,4.44,"31 Dec",5838,25924,20086,4.44,"31 Dec",5000,34404,29404,6.88,"31 Dec",5000,34404,29404,6.88,"31 Dec",5000,35197,30197,7.04,"31 Dec",5000,35197,30197,7.04,"31 Dec",NA,NA,NA,NA,"31 Dec",NA,NA,NA,NA
"176","YOUI",NA,NA,NA,NA,NA,NA,NA,NA,NA,NA,NA,NA,NA,NA,NA,NA,NA,NA,NA,NA,NA,NA,NA,NA,NA,NA,NA,NA,NA,NA,"30 Jun",5000,20922,15922,4.18,"30 Jun",5000,20922,15922,4.18,"30 Jun",5000,23109,18109,4.62,"30 Jun",5000,23109,18109,4.62,"30 Jun",7561,20058,12497,2.65
"177","ZURICH","31 Dec",341375,608875,267500,1.78,"31 Dec",314899,725343,410444,2.3,"31 Dec",314899,725343,410444,2.3,"31 Dec",342182,799331,457149,2.34,"31 Dec",342182,799831,457649,2.19,"31 Dec",311439,666564,355125,2.14,"31 Dec",311439,666564,355125,2.14,"31 Dec",346953,585267,238314,1.69,"31 Dec",346953,585267,238314,1.69,"31 Dec",570292,648208,77916,1.14,"31 Dec",570292,648208,77916,1.14
