"","Company","Date200506","Invest200506","TotalAsset200506","ClaimReserv200506","PremLiab200506","TotalLiab200506","Equity200506","Date200512","Invest200512","TotalAsset200512","ClaimReserv200512","PremLiab200512","TotalLiab200512","Equity200512","Date200606","Invest200606","TotalAsset200606","ClaimReserv200606","PremLiab200606","TotalLiab200606","Equity200606","Date200612","Invest200612","TotalAsset200612","ClaimReserv200612","PremLiab200612","TotalLiab200612","Equity200612","Date200706","Invest200706","TotalAsset200706","ClaimReserv200706","PremLiab200706","TotalLiab200706","Equity200706","Date200712","Invest200712","TotalAsset200712","ClaimReserv200712","PremLiab200712","TotalLiab200712","Equity200712","Date200806","Invest200806","TotalAsset200806","ClaimReserv200806","PremLiab200806","TotalLiab200806","Equity200806","Date200812","Invest200812","TotalAsset200812","ClaimReserv200812","PremLiab200812","TotalLiab200812","Equity200812","Date200906","Invest200906","TotalAsset200906","ClaimReserv200906","PremLiab200906","TotalLiab200906","Equity200906","Date200912","Invest200912","TotalAsset200912","ClaimReserv200912","PremLiab200912","TotalLiab200912","Equity200912","Date201006","Invest201006","TotalAsset201006","ClaimReserv201006","PremLiab201006","TotalLiab201006","Equity201006"
"1","AAIL","31 Dec",4620780,6718492,4002911,968599,5340619,1377873,"31 Dec",5077131,7246783,4189502,1059040,5711836,1534947,"31 Dec",5077131,7246783,4189502,1059040,5711836,1534947,"31 Dec",6207028,8636611,4133864,1048792,6993875,1642737,"31 Dec",6207028,8636611,4133864,1048792,6993875,1642737,"31 Dec",5822046,8572329,4394242,1089339,7116510,1455819,"31 Dec",5822046,8572329,4394242,1089339,7116510,1455819,"31 Dec",5197478,8021203,4769410,1229604,6546937,1474266,"31 Dec",5197478,8021203,4769410,1229604,6546937,1474266,"31 Dec",5148082,7935900,4407609,1270619,6391548,1544352,"31 Dec",5148082,7935900,4407609,1270619,6391548,1544352
"2","AAMI","31 Dec",1967,1678994,965863,641582,1666249,12745,"31 Dec",2193,1858097,1045590,735854,1844812,13285,"31 Dec",2193,1858097,1045590,735854,1844812,13285,"31 Dec",3603,2030665,1119411,783474,2010941,19724,"30 Jun",3603,2030665,1119411,783474,2010941,19724,"30 Jun",3900,2362290,1341289,843252,2336612,25678,"30 Jun",4275,2476357,1363370,906000,2446815,29542,"30 Jun",4275,2476357,1363370,906000,2446815,29542,"30 Jun",2433131,3408406,1480571,986740,2775263,633143,"30 Jun",2433131,3408406,1480571,986740,2775263,633143,"30 Jun",2330568,3600791,1710910,1061744,3088224,512567
"3","ACE","31 Dec",438273,1060850,545422,176314,884490,176360,"31 Dec",401315,1042058,567957,181480,871850,170208,"31 Dec",401315,1042058,567957,181480,871850,170208,"31 Dec",380440,944028,414219,177520,740260,203768,"31 Dec",380440,944028,414219,177520,740260,203768,"31 Dec",383848,1003622,509978,171268,808231,195391,"31 Dec",383848,1003622,509978,171268,808231,195391,"31 Dec",385117,1106074,576865,204237,912079,193995,"31 Dec",385117,1106074,576865,204237,912079,193995,"31 Dec",386442,1127255,627532,201946,925605,201650,"31 Dec",386442,1127255,627532,201946,925605,201650
"4","AFG","30 Sep",9657,21265,35760,0,35865,-14600,"30 Sep",NA,NA,NA,NA,NA,NA,"30 Sep",NA,NA,NA,NA,NA,NA,"30 Sep",NA,NA,NA,NA,NA,NA,"30 Sep",NA,NA,NA,NA,NA,NA,"30 Sep",NA,NA,NA,NA,NA,NA,"30 Sep",NA,NA,NA,NA,NA,NA,"30 Sep",NA,NA,NA,NA,NA,NA,"30 Sep",NA,NA,NA,NA,NA,NA,"30 Sep",NA,NA,NA,NA,NA,NA,"30 Sep",NA,NA,NA,NA,NA,NA
"5","AIOI","31 Mar",14032,42248,10566,18100,32327,9921,"31 Mar",14032,42248,10566,18100,32327,9921,"31 Mar",20071,43453,11886,19400,34850,8603,"31 Mar",20071,43453,11886,19400,34850,8603,"31 Mar",35152,58234,8431,26478,37638,20596,"31 Mar",35152,58234,8431,26478,37638,20596,"31 Mar",39123,79647,12184,41326,60728,18919,"31 Mar",39123,79647,12184,41326,60728,18919,"31 Mar",51623,101753,15190,58017,81788,19965,"31 Mar",51623,101753,15190,58017,81788,19965,"31 Mar",52001,117833,24379,64182,99422,18411
"6","ALEA","31 Dec",19207,23001,4756,2808,8096,14905,"31 Dec",21065,25486,5268,578,6589,18897,"31 Dec",21065,25486,5268,578,6589,18897,"31 Dec",22150,25648,3759,0,4552,21096,"31 Dec",22150,25648,3759,0,4552,21096,"31 Dec",24062,26226,2564,0,3364,22862,"31 Dec",24062,26226,2564,0,3364,22862,"31 Dec",NA,NA,NA,NA,NA,NA,NA,NA,NA,NA,NA,NA,NA,NA,NA,NA,NA,NA,NA,NA,NA,NA,NA,NA,NA,NA,NA
"7","AM HOME","31 Dec",543876,1073838,522585,217568,851903,221935,"31 Dec",635034,1207410,592520,225237,929071,278339,"31 Dec",635034,1207410,592520,225237,929071,278339,"31 Dec",661319,1519266,863209,261122,1248190,271076,"31 Dec",661319,1519266,863209,261122,1248190,271076,"31 Dec",708960,1674434,956568,297205,1383700,290734,"31 Dec",708960,1674434,956568,297205,1383700,290734,"31 Dec",1039179,1931031,1069331,381548,1560384,370647,"31 Dec",1039179,1931031,1069331,381548,1560384,370647,"31 Dec",1193269,2588763,1275859,369023,2168742,420021,"31 Dec",1193269,2588763,1275859,369023,2168742,420021
"8","AM INT","30 Nov",10746,10948,334,0,346,10602,"30 Nov",10778,10977,326,0,349,10628,"30 Nov",10778,10977,326,0,349,10628,"30 Nov",10803,10901,273,0,279,10622,"30 Nov",10803,10901,273,0,279,10622,NA,NA,NA,NA,NA,NA,NA,NA,NA,NA,NA,NA,NA,NA,NA,NA,NA,NA,NA,NA,NA,NA,NA,NA,NA,NA,NA,NA,NA,NA,NA,NA,NA,NA,NA,NA,NA,NA,NA,NA,NA,NA
"9","AME R",NA,NA,NA,NA,NA,NA,NA,NA,NA,NA,NA,NA,NA,NA,NA,NA,NA,NA,NA,NA,NA,NA,NA,NA,NA,NA,NA,NA,NA,NA,NA,NA,NA,NA,NA,NA,NA,NA,NA,NA,NA,NA,"31 Dec",305897,351813,163011,0,200315,151498,NA,NA,NA,NA,NA,NA,NA,NA,NA,NA,NA,NA,NA,NA,NA,NA,NA,NA,NA,NA,NA,NA,NA,NA,NA,NA,NA,NA
"10","AME RE","31 Dec",399593,428157,292547,636,325123,103034,"31 Dec",366095,420407,236549,749,265214,155193,"31 Dec",366095,420407,236549,749,265214,155193,"31 Dec",357342,406787,191493,0,245487,161300,"31 Dec",357342,406787,191493,0,245487,161300,"31 Dec",305897,351813,163011,0,200315,151498,NA,NA,NA,NA,NA,NA,NA,"31 Dec",307514,358666,146413,0,200512,158154,"31 Dec",307514,358666,146413,0,200512,158154,"31 Dec",219269,228265,59582,0,76096,152169,"31 Dec",219269,228265,59582,0,76096,152169
"11","AMPG","31 Dec",17738,27731,235,210,1387,26344,"31 Dec",21554,29035,135,38,1578,27457,"31 Dec",21554,29035,135,38,1578,27457,"31 Dec",6588,7428,86,13,401,7027,"31 Dec",6588,7428,86,13,401,7027,"31 Dec",6572,7449,43,0,191,7258,NA,NA,NA,NA,NA,NA,NA,NA,NA,NA,NA,NA,NA,NA,NA,NA,NA,NA,NA,NA,NA,NA,NA,NA,NA,NA,NA,NA,NA,NA,NA,NA,NA,NA,NA
"12","ANSVAR",NA,NA,NA,NA,NA,NA,NA,NA,NA,NA,NA,NA,NA,NA,NA,NA,NA,NA,NA,NA,NA,NA,NA,NA,NA,NA,NA,NA,NA,NA,NA,NA,NA,NA,NA,NA,NA,NA,NA,NA,NA,NA,NA,NA,NA,NA,NA,NA,NA,NA,NA,NA,NA,NA,NA,NA,"31 Dec",187126,332065,166474,67532,258916,73149,"31 Dec",183445,342312,163629,78210,264582,77730,"31 Dec",183445,342312,163629,78210,264582,77730
"13","ANZ LMI","30 Sep",109599,157064,3144,56682,75006,82058,"30 Sep",138016,169083,1704,38055,57974,111109,"30 Sep",138016,169083,1704,38055,57974,111109,"30 Sep",199676,245252,5292,65258,94036,151216,"30 Sep",199676,245252,5292,65258,94036,151216,"30 Sep",356657,418745,12146,99138,141460,277285,"30 Sep",356657,418745,12146,99138,141460,277285,"30 Sep",501609,573393,26315,113927,188480,384913,"30 Sep",501609,573393,26315,113927,188480,384913,"30 Sep",624884,652011,33829,71368,156839,495172,"30 Sep",624884,652011,33829,71368,156839,495172
"14","ANZCOVER","30 Sep",154887,300516,170389,14526,186952,113564,"30 Sep",170902,314110,173099,12004,187455,126655,"30 Sep",170902,314110,173099,12004,187455,126655,"30 Sep",184882,222046,57124,29160,91482,130564,"30 Sep",184882,222046,57124,29160,91482,130564,"30 Sep",216843,239083,44360,9137,66181,172902,"30 Sep",216843,239083,44360,9137,66181,172902,"30 Sep",202750,224685,17320,8663,33449,191236,"30 Sep",202750,224685,17320,8663,33449,191236,"30 Sep",216880,301169,115460,25722,144959,156210,"30 Sep",216880,301169,115460,25722,144959,156210
"15","ASPEN",NA,NA,NA,NA,NA,NA,NA,NA,NA,NA,NA,NA,NA,NA,NA,NA,NA,NA,NA,NA,NA,NA,NA,NA,NA,NA,NA,NA,NA,NA,NA,NA,NA,NA,NA,NA,NA,NA,NA,NA,NA,NA,NA,NA,NA,NA,NA,NA,NA,"31 Dec",41600,46504,0,5324,5843,40661,"31 Dec",41600,46504,0,5324,5843,40661,"31 Dec",89744,124659,18996,28741,55406,69253,"31 Dec",89744,124659,18996,28741,55406,69253
"16","ASSET","31 Dec",232416,261931,147961,3331,176203,85728,"31 Dec",220470,263436,127581,4462,172172,91264,"31 Dec",220470,263436,127581,4462,172172,91264,"31 Dec",181363,227198,117759,7760,150254,76944,"31 Dec",181363,227198,117759,7760,150254,76944,"31 Dec",169790,225944,115996,10418,147068,78876,"31 Dec",169790,225944,115996,10418,147068,78876,"31 Dec",139062,212382,119702,14544,153185,59197,"31 Dec",139062,212382,119702,14544,153185,59197,"31 Dec",106863,166470,87455,13215,116719,49751,"31 Dec",106863,166470,87455,13215,116719,49751
"17","ATRADIUS","31 Dec",25369,45568,11812,2346,21150,24418,"31 Dec",24778,47034,11678,3467,26509,20525,"31 Dec",24778,47034,11678,3467,26509,20525,"31 Dec",27848,59560,17791,5111,33773,25787,"31 Dec",27848,59560,17791,5111,33773,25787,"31 Dec",32699,88212,24820,10900,54953,33259,"31 Dec",32699,88212,24820,10900,54953,33259,"31 Dec",49491,133333,45800,16885,86981,46352,"31 Dec",49491,133333,45800,16885,86981,46352,"31 Dec",46806,137812,61274,13239,92078,45734,"31 Dec",46806,137812,61274,13239,92078,45734
"18","AUS ALLNCE","31 Dec",0,302678,66224,143235,284890,17788,"31 Dec",0,342856,71711,169507,324911,17945,"31 Dec",0,342856,71711,169507,324911,17945,"31 Dec",0,388393,84466,175663,364577,23816,"30 Jun",0,388393,84466,175663,364577,23816,"30 Jun",0,470196,123478,197894,445320,24876,"30 Jun",0,480716,118478,209965,455682,25034,"30 Jun",0,480716,118478,209965,455682,25034,"30 Jun",235439,519220,133096,222470,392791,126429,"30 Jun",235439,519220,133096,222470,392791,126429,"30 Jun",271362,635879,172912,254883,513514,122365
"19","AUS FAMILY","31 Dec",2514,3771,1860,0,2359,1412,"31 Dec",2282,2666,912,0,1723,943,"31 Dec",2282,2666,912,0,1723,943,"31 Dec",1473,1869,768,0,959,910,"31 Dec",1473,1869,768,0,959,910,"31 Dec",801,1105,133,0,168,937,"31 Dec",801,1105,133,0,168,937,"31 Dec",732,926,130,0,172,754,"31 Dec",732,930,184,0,227,703,"31 Dec",NA,NA,NA,NA,NA,NA,"31 Dec",NA,NA,NA,NA,NA,NA
"20","AUS INT","30 Jun",119767,207964,60945,65015,160843,47121,"30 Jun",119767,207964,60945,65015,160843,47121,"30 Jun",138117,250764,93099,69506,191945,58819,"30 Jun",138117,250764,93099,69506,191945,58819,"30 Jun",161014,244232,88646,83518,181292,62940,"30 Jun",161014,244232,88646,83518,181292,62940,NA,NA,NA,NA,NA,NA,NA,NA,NA,NA,NA,NA,NA,NA,NA,NA,NA,NA,NA,NA,NA,NA,NA,NA,NA,NA,NA,NA,NA,NA,NA,NA,NA,NA,NA
"21","AUS MED","30 Jun",427769,820826,369704,31600,615736,205090,"30 Jun",427769,820826,369704,31600,615736,205090,"30 Jun",411737,762905,329049,32400,481440,281465,"30 Jun",411737,762905,329049,32400,481440,281465,"30 Jun",521469,792470,313025,36045,473263,319207,"30 Jun",521469,792470,313025,36045,473263,319207,NA,NA,NA,NA,NA,NA,NA,NA,NA,NA,NA,NA,NA,NA,NA,NA,NA,NA,NA,NA,NA,NA,NA,NA,NA,NA,NA,NA,NA,NA,NA,NA,NA,NA,NA
"22","AUS UNITY","30 Jun",42900,93774,39126,29167,72104,21670,"30 Jun",42900,93774,39126,29167,72104,21670,"30 Jun",48774,99000,39731,25967,74968,24034,"30 Jun",48774,99000,39731,25967,74968,24034,"30 Jun",79711,150785,57204,38071,110873,39915,NA,NA,NA,NA,NA,NA,NA,NA,NA,NA,NA,NA,NA,NA,NA,NA,NA,NA,NA,NA,NA,NA,NA,NA,NA,NA,NA,NA,NA,NA,NA,NA,NA,NA,NA,NA,NA,NA,NA,NA,NA,NA
"23","AUTO GEN",NA,NA,NA,NA,NA,NA,NA,"30 Jun",NA,NA,NA,NA,NA,NA,"30 Jun",33891,77001,11375,44969,65269,11732,"30 Jun",33891,77001,11375,44969,65269,11732,"30 Jun",49944,105009,21073,56849,90090,14919,"30 Jun",49944,105009,21073,56849,90090,14919,"30 Jun",48345,133240,26131,65844,112483,20757,"30 Jun",48345,133240,26131,65844,112483,20757,"30 Jun",65820,151009,33061,76306,123675,27334,"30 Jun",65820,151009,33061,76306,123675,27334,"30 Jun",88383,184986,42777,88955,147410,37576
"24","AVANT",NA,NA,NA,NA,NA,NA,NA,NA,NA,NA,NA,NA,NA,NA,NA,NA,NA,NA,NA,NA,NA,NA,NA,NA,NA,NA,NA,NA,NA,NA,NA,NA,NA,NA,NA,NA,NA,NA,NA,NA,NA,NA,"30 Jun",655842,1028268,433616,42781,606054,422214,"30 Jun",655842,1028268,433616,42781,606054,422214,"30 Jun",586155,1014099,487392,55120,612247,401852,"30 Jun",586155,1014099,487392,55120,612247,401852,"30 Jun",676775,1056956,485410,51551,585428,471528
"25","AVEA",NA,NA,NA,NA,NA,NA,NA,NA,NA,NA,NA,NA,NA,NA,NA,NA,NA,NA,NA,NA,NA,NA,NA,NA,NA,NA,NA,NA,NA,NA,NA,NA,NA,NA,NA,NA,NA,NA,NA,NA,NA,NA,NA,NA,NA,NA,NA,NA,NA,NA,NA,NA,NA,NA,NA,NA,NA,NA,NA,NA,NA,NA,NA,"30 Jun",10421,16800,2713,6605,11648,5152,"30 Jun",7700,18180,2635,6186,12612,5568
"26","AXA","31 Dec",36777,53845,23068,0,23280,30565,"31 Dec",41807,48960,14558,0,15354,33606,"31 Dec",41807,48960,14558,0,15354,33606,"31 Dec",45233,51886,18569,0,19451,32435,"31 Dec",45233,51886,18569,0,19451,32435,"31 Dec",47729,55751,20292,0,23169,32582,"31 Dec",47729,55751,20292,0,23169,32582,"31 Dec",42922,57555,21820,0,25093,32462,"31 Dec",42922,57555,21820,0,25093,32462,"31 Dec",12233,56573,18610,0,21526,35047,"31 Dec",12233,56573,18610,0,21526,35047
"27","AXA CSA",NA,NA,NA,NA,NA,NA,NA,NA,NA,NA,NA,NA,NA,NA,NA,NA,NA,NA,NA,NA,NA,NA,NA,NA,NA,NA,NA,NA,NA,NA,NA,NA,NA,NA,NA,NA,NA,NA,NA,NA,NA,NA,NA,NA,NA,NA,NA,NA,NA,NA,NA,NA,NA,NA,NA,NA,NA,NA,NA,NA,NA,NA,NA,"31 Dec",25000,34847,3,2852,5146,29701,"31 Dec",25000,34847,3,2852,5146,29701
"28","AXIS",NA,NA,NA,NA,NA,NA,NA,NA,NA,NA,NA,NA,NA,NA,NA,NA,NA,NA,NA,NA,NA,NA,NA,NA,NA,NA,NA,NA,NA,NA,NA,NA,NA,NA,NA,NA,NA,NA,NA,NA,NA,NA,"31 Dec",NA,NA,NA,NA,NA,NA,"31 Dec",0,169174,4034,77774,141416,27758,"31 Dec",0,169174,4034,77774,141416,27758,"31 Dec",0,69963,22512,15955,47193,22770,"31 Dec",0,69963,22512,15955,47193,22770
"29","BARRISTERS","30 Jun",12862,13098,685,716,2001,11097,"30 Jun",12862,13098,685,716,2001,11097,"30 Jun",14731,14927,433,800,2405,12522,"30 Jun",14731,14927,433,800,2405,12522,"30 Jun",15986,16249,519,758,2704,13545,"30 Jun",15986,16249,519,758,2704,13545,"30 Jun",15520,16037,595,1051,2680,13357,"30 Jun",15520,16037,595,1051,2680,13357,"30 Jun",14392,15117,554,1084,2359,12758,"30 Jun",14392,15117,554,1084,2359,12758,"30 Jun",15665,16412,703,1009,2755,13657
"30","BERKLEY",NA,NA,NA,NA,NA,NA,NA,NA,NA,NA,NA,NA,NA,NA,NA,NA,NA,NA,NA,NA,NA,NA,NA,NA,NA,NA,NA,NA,NA,NA,NA,NA,NA,NA,NA,"31 Dec",0,52633,0,1320,4231,48402,"31 Dec",0,52633,0,1320,4231,48402,"31 Dec",55548,87702,7539,22686,37762,49940,"31 Dec",55548,87702,7539,22686,37762,49940,"31 Dec",87550,118329,30540,24838,66566,51763,"31 Dec",87550,118329,30540,24838,66566,51763
"31","BHP MARINE","30 Jun",452272,600271,153602,68200,260845,339426,"30 Jun",452272,600271,153602,68200,260845,339426,"30 Jun",426156,595161,126300,89778,247276,347885,"30 Jun",426156,595161,126300,89778,247276,347885,"30 Jun",485879,699154,114800,105617,295589,403565,"30 Jun",485879,699154,114800,105617,295589,403565,"30 Jun",552768,1895983,1286345,130562,1487617,408366,"30 Jun",552768,1895983,1286345,130562,1487617,408366,"30 Jun",646495,1869153,1249964,30187,1358138,511015,"30 Jun",646495,1869153,1249964,30187,1358138,511015,"30 Jun",607548,1761110,1186954,10898,1219009,542099
"32","BORAL","30 Jun",20857,38030,21407,0,27815,10215,"30 Jun",20857,38030,21407,0,27815,10215,"30 Jun",22110,35984,16275,0,24890,11094,"30 Jun",22110,35984,16275,0,24890,11094,"30 Jun",16285,29431,14585,0,17688,11743,"30 Jun",16285,29431,14585,0,17688,11743,"30 Jun",16561,23324,5380,0,10785,12539,"30 Jun",16561,23324,5380,0,10785,12539,"30 Jun",13803,18849,4092,0,4639,14210,"30 Jun",13803,18849,4092,0,4639,14210,"30 Jun",14391,18366,3049,0,3799,14567
"33","BUDGET","30 Jun",30588,69360,15822,38715,59489,9871,"30 Jun",30588,69360,15822,38715,59489,9871,"30 Jun",9289,17539,3700,133,6849,10690,"30 Jun",9289,17539,3700,133,6849,10690,"30 Jun",6346,11454,93,0,428,11026,"30 Jun",6346,11454,93,0,428,11026,NA,NA,NA,NA,NA,NA,NA,NA,NA,NA,NA,NA,NA,NA,NA,NA,NA,NA,NA,NA,NA,NA,NA,NA,NA,NA,NA,NA,NA,NA,NA,NA,NA,NA,NA
"34","CALLI","31 Dec",NA,NA,NA,NA,NA,NA,"31 Dec",45279,56868,1926,6874,12826,44042,"31 Dec",45279,56868,1926,6874,12826,44042,"31 Dec",53690,86719,14693,20946,45145,41574,"31 Dec",53690,86719,14693,20946,45145,41574,"31 Dec",63123,114717,37159,26599,73847,40870,"31 Dec",63123,114717,37159,26599,73847,40870,"31 Dec",NA,NA,NA,NA,NA,NA,NA,NA,NA,NA,NA,NA,NA,NA,NA,NA,NA,NA,NA,NA,NA,NA,NA,NA,NA,NA,NA
"35","CALLI GRP","31 Dec",100237,104236,12544,0,17501,86735,"31 Dec",120811,125830,9114,0,38779,87051,"31 Dec",120811,125830,9114,0,38779,87051,"31 Dec",95025,99259,5747,0,10777,88482,"31 Dec",95025,99259,5747,0,10777,88482,NA,NA,NA,NA,NA,NA,NA,NA,NA,NA,NA,NA,NA,NA,NA,NA,NA,NA,NA,NA,NA,NA,NA,NA,NA,NA,NA,NA,NA,NA,NA,NA,NA,NA,NA,NA,NA,NA,NA,NA,NA,NA
"36","CATHOLIC","30 Jun",465361,645710,314620,75336,471494,174216,"30 Jun",465361,645710,314620,75336,471494,174216,"30 Jun",540434,734055,336482,86328,509128,224927,"30 Jun",540434,734055,336482,86328,509128,224927,"30 Jun",615521,803425,369454,83621,531391,272034,"30 Jun",615521,803425,369454,83621,531391,272034,"30 Jun",575482,785266,367509,87381,501406,283860,"30 Jun",575482,785266,367509,87381,501406,283860,"30 Jun",603398,790143,397912,92958,538265,251878,"30 Jun",603398,790143,397912,92958,538265,251878,"30 Jun",673758,848556,394312,86181,554983,293573
"37","CAVELL","31 Dec",12948,14019,3573,0,3725,10294,"31 Dec",12535,14353,4123,0,4159,10194,"31 Dec",12535,14353,4123,0,4159,10194,"31 Dec",4915,14543,3096,0,3601,10942,"31 Dec",4915,14543,3096,0,3601,10942,"31 Dec",8926,14563,2753,0,3030,11533,"31 Dec",8926,14563,2753,0,3030,11533,"31 Dec",3024,11895,0,0,322,11573,"31 Dec",3024,11895,0,0,322,11573,NA,NA,NA,NA,NA,NA,NA,NA,NA,NA,NA,NA,NA,NA
"38","CGU","30 Jun",2916250,4679860,1990184,916333,3402581,1277279,"30 Jun",2916250,4679860,1990184,916333,3402581,1277279,"30 Jun",2928762,4735110,2071436,843055,3480481,1254629,"30 Jun",2928762,4735110,2071436,843055,3480481,1254629,"30 Jun",2941481,5007201,2241794,900245,3739031,1268170,"30 Jun",2941481,5007201,2241794,900245,3739031,1268170,"30 Jun",2949550,4678984,2053384,901385,3467384,1211601,"30 Jun",2949550,4678984,2053384,901385,3467384,1211601,"30 Jun",2977107,4690470,2055471,928009,3485267,1205204,"30 Jun",2977107,4690470,2055471,928009,3485267,1205204,"30 Jun",2977579,4582238,2119892,886251,3383335,1198903
"39","CGU VACC","30 Jun",151727,174312,69704,532,110359,63953,"30 Jun",151727,174312,69704,532,110359,63953,"30 Jun",121264,138341,52061,121,97221,41120,"30 Jun",121264,138341,52061,121,97221,41120,"30 Jun",86873,105418,41817,49,89950,15468,"30 Jun",86873,105418,41817,49,89950,15468,"30 Jun",36461,76085,36458,1679,62116,13969,"30 Jun",36461,76085,36458,1679,62116,13969,"30 Jun",37081,76202,33379,1816,63112,13090,"30 Jun",37081,76202,33379,1816,63112,13090,"30 Jun",39563,70290,26329,612,56463,13827
"40","CHUBB","31 Dec",453059,668117,299811,106423,471344,196773,"31 Dec",545657,787259,369995,106551,547428,239831,"31 Dec",545657,787259,369995,106551,547428,239831,"31 Dec",590868,863216,421167,101956,600118,263098,"31 Dec",590868,863216,421167,101956,600118,263098,"31 Dec",677085,918188,452015,111933,634247,283941,"31 Dec",677085,918188,452015,111933,634247,283941,"31 Dec",839562,1072746,496948,133882,702343,370403,"31 Dec",839562,1072746,496948,133882,702343,370403,"31 Dec",878195,1174871,596548,131736,810498,364373,"31 Dec",878195,1174871,596548,131736,810498,364373
"41","CHURCH",NA,NA,NA,NA,NA,NA,NA,NA,NA,NA,NA,NA,NA,NA,NA,NA,NA,NA,NA,NA,NA,NA,NA,NA,NA,NA,NA,NA,NA,NA,NA,NA,NA,NA,NA,NA,NA,NA,NA,NA,NA,NA,"31 Dec",6572,7449,43,0,191,7258,"31 Dec",6583,7673,47,0,176,7497,"31 Dec",6583,7673,47,0,176,7497,"31 Dec",6565,7623,12,0,57,7566,"31 Dec",6565,7623,12,0,57,7566
"42","CIC","31 Dec",9776,324363,255900,58688,314722,9641,"31 Dec",10279,423953,359028,54645,413807,10146,"31 Dec",10279,423953,359028,54645,413807,10146,"31 Dec",10451,504781,438796,55404,494200,10581,"31 Dec",10451,504781,438796,55404,494200,10581,"31 Dec",11142,560134,509346,39516,548862,11272,"31 Dec",11142,560134,509346,39516,548862,11272,"31 Dec",11912,629228,566188,50998,617186,12042,"31 Dec",11912,629228,566188,50998,617186,12042,"31 Dec",12309,673262,601184,55522,656706,16556,"31 Dec",12309,673262,601184,55522,656706,16556
"43","CIL",NA,NA,NA,NA,NA,NA,NA,NA,NA,NA,NA,NA,NA,NA,NA,NA,NA,NA,NA,NA,NA,NA,NA,NA,NA,NA,NA,NA,NA,NA,NA,NA,NA,NA,NA,"31 Dec",79711,150785,57204,38071,110873,39915,NA,NA,NA,NA,NA,NA,NA,"31 Dec",107154,251861,106547,65440,201436,50425,"31 Dec",107154,251861,106547,65440,201436,50425,"31 Dec",100555,287352,142951,67169,237653,49699,"31 Dec",100555,287352,142951,67169,237653,49699
"44","CILc ",NA,NA,NA,NA,NA,NA,NA,NA,NA,NA,NA,NA,NA,NA,NA,NA,NA,NA,NA,NA,NA,NA,NA,NA,NA,NA,NA,NA,NA,NA,NA,NA,NA,NA,NA,NA,NA,NA,NA,NA,NA,NA,"31 Dec",77029,167520,66169,37223,134803,32717,NA,NA,NA,NA,NA,NA,NA,NA,NA,NA,NA,NA,NA,NA,NA,NA,NA,NA,NA,NA,NA,NA,NA,NA,NA,NA,NA,NA
"45","COFACE",NA,NA,NA,NA,NA,NA,NA,NA,NA,NA,NA,NA,NA,NA,NA,NA,NA,NA,NA,NA,NA,NA,NA,NA,NA,NA,NA,NA,NA,NA,NA,NA,NA,NA,NA,NA,NA,NA,NA,NA,NA,NA,NA,NA,NA,NA,NA,NA,NA,"31 Dec",29487,51694,4838,19116,25896,25798,"31 Dec",29487,51694,4838,19116,25896,25798,"31 Dec",33586,53638,16244,7735,28775,24863,"31 Dec",33586,53638,16244,7735,28775,24863
"46","COL PROT","30 Jun",6911,8570,41,1137,1800,6770,"30 Jun",6911,8570,41,1137,1800,6770,"30 Jun",7324,7511,0,0,693,6818,"30 Jun",7324,7511,0,0,693,6818,NA,NA,NA,NA,NA,NA,NA,NA,NA,NA,NA,NA,NA,NA,NA,NA,NA,NA,NA,NA,NA,NA,NA,NA,NA,NA,NA,NA,NA,NA,NA,NA,NA,NA,NA,NA,NA,NA,NA,NA,NA,NA,NA,NA,NA,NA,NA,NA,NA
"47","COLOGNE RE","31 Dec",191811,196207,120547,0,123120,73087,"31 Dec",197701,200567,77216,0,79104,121463,"31 Dec",197701,200567,77216,0,79104,121463,"31 Dec",205791,210162,71230,0,76936,133226,"31 Dec",205791,210162,71230,0,76936,133226,"31 Dec",132181,135501,81206,0,81283,54218,"31 Dec",132181,135501,81206,0,81283,54218,"31 Dec",145156,147981,78638,0,80845,67136,"31 Dec",145156,147981,78638,0,80845,67136,"31 Dec",141681,143213,56340,0,58535,84678,"31 Dec",141681,143213,56340,0,58535,84678
"48","COM INSUR","30 Jun",40622,243766,99826,71320,189288,54478,"30 Jun",40622,243766,99826,71320,189288,54478,"30 Jun",42556,261443,85526,74245,199925,61518,"30 Jun",42556,261443,85526,74245,199925,61518,"30 Jun",45408,258622,93914,75753,206801,51821,"30 Jun",45408,258622,93914,75753,206801,51821,"30 Jun",150162,367512,117345,146466,292226,75286,"30 Jun",150162,367512,117345,146466,292226,75286,"30 Jun",163130,510529,183933,179063,413443,97086,"30 Jun",163130,510529,183933,179063,413443,97086,"30 Jun",208341,542111,190680,182010,433844,108267
"49","COM STEAM","30 Jun",2253,4652,2250,0,2320,2332,"30 Jun",2253,4652,2250,0,2320,2332,"30 Jun",2147,4439,1995,0,2090,2348,"30 Jun",2147,4439,1995,0,2090,2348,"30 Jun",3937,6191,1885,0,2006,4185,"30 Jun",3937,6191,1885,0,2006,4185,"30 Jun",4041,6344,2054,0,2142,4202,"30 Jun",4041,6344,2054,0,2142,4202,"30 Jun",4124,6337,2028,0,2120,4217,"30 Jun",4124,6337,2028,0,2120,4217,"30 Jun",4007,7236,2922,0,3008,4228
"50","COMBINED","31 Dec",123049,159833,62155,11348,92916,66917,"31 Dec",110313,135323,21617,12883,48356,86967,"31 Dec",110313,135323,21617,12883,48356,86967,"31 Dec",94824,124261,20395,14938,51750,72511,"31 Dec",94824,124261,20395,14938,51750,72511,"31 Dec",98945,125196,18435,13485,54521,70675,"31 Dec",98945,125196,18435,13485,54521,70675,"31 Dec",103888,137502,21760,14343,57843,79659,"31 Dec",103888,137502,21760,14343,57843,79659,"31 Dec",87705,118252,21544,13267,53288,64964,"31 Dec",87705,118252,21544,13267,53288,64964
"51","CONVER","31 Dec",194738,232893,124781,15527,153213,79680,"31 Dec",170863,202473,90212,3257,106867,95606,"31 Dec",170863,202473,90212,3257,106867,95606,"31 Dec",159590,186620,67605,5672,81448,105172,"31 Dec",159590,186620,67605,5672,81448,105172,NA,NA,NA,NA,NA,NA,NA,NA,NA,NA,NA,NA,NA,NA,NA,NA,NA,NA,NA,NA,NA,NA,NA,NA,NA,NA,NA,NA,NA,NA,NA,NA,NA,NA,NA,NA,NA,NA,NA,NA,NA,NA
"52","COPENHAGEN","31 Dec",88013,91216,34034,0,45690,45526,"31 Dec",79681,81863,26067,0,33975,47888,"31 Dec",79681,81863,26067,0,33975,47888,"31 Dec",75387,76449,17450,0,24470,51979,"31 Dec",75387,76449,17450,0,24470,51979,"31 Dec",35293,36445,7945,0,13562,22883,"31 Dec",35293,36445,7945,0,13562,22883,"31 Dec",27375,28432,7200,0,8578,19854,"31 Dec",27375,28432,7200,0,8578,19854,"31 Dec",18923,19985,4374,0,4582,15403,"31 Dec",18923,19985,4374,0,4582,15403
"53","CORRVAS","30 Jun",15775,16180,2394,0,2778,13402,"30 Jun",15775,16180,2394,0,2778,13402,"30 Jun",16076,16110,1744,0,2099,14011,"30 Jun",16076,16110,1744,0,2099,14011,"30 Jun",15169,15180,1711,0,2006,13174,"30 Jun",15169,15180,1711,0,2006,13174,"30 Jun",14771,14780,1366,0,1667,13113,"30 Jun",14771,14780,1366,0,1667,13113,"30 Jun",14718,14724,1301,0,1675,13049,"30 Jun",14718,14724,1301,0,1675,13049,"30 Jun",14753,14775,1301,0,1616,13159
"54","CREDICORP","30 Jun",10593,11827,460,4246,5092,6735,"30 Jun",10593,11827,460,4246,5092,6735,"30 Jun",10686,11960,520,4293,4860,7100,"30 Jun",10686,11960,520,4293,4860,7100,"30 Jun",10721,11766,473,4751,5434,6332,"30 Jun",10721,11766,473,4751,5434,6332,"30 Jun",10935,12144,368,4896,5560,6584,"30 Jun",10935,12144,368,4896,5560,6584,"30 Jun",11091,12226,574,4982,5695,6531,"30 Jun",11091,12226,574,4982,5695,6531,"30 Jun",11377,13244,686,5659,6610,6634
"55","CUMIS","31 Dec",64766,88406,11003,29458,54901,33505,"31 Dec",86230,123169,15331,42030,78113,45056,"31 Dec",86229,123169,15331,42030,78113,45056,"31 Dec",88731,138731,19053,45434,88313,50418,"31 Dec",88731,138731,19053,45434,88313,50418,"31 Dec",105764,160338,23706,51100,100793,59545,"31 Dec",105764,160338,23706,51100,100793,59545,"31 Dec",117318,171005,27093,45568,102052,68953,"31 Dec",117318,171005,27093,45568,102052,68953,"31 Dec",93467,154800,28248,50627,115475,39325,"31 Dec",93467,154800,28248,50627,115475,39325
"56","CURASALUS","30 Sep",73389,132415,37769,20927,84079,48336,"30 Sep",122516,158919,30486,22754,71221,87698,"30 Sep",122516,158919,30486,22754,71221,87698,"30 Sep",130167,158602,28446,16283,62631,95972,"30 Sep",130167,158602,28446,16283,62631,95972,"30 Sep",134894,188101,49403,14000,80820,107281,"30 Sep",134894,188101,49403,14000,80820,107281,"30 Sep",102765,117674,36435,0,40021,77653,"30 Sep",102765,117674,36435,0,40021,77653,"30 Sep",99483,107593,24157,0,27681,79912,"30 Sep",99483,107593,24157,0,27681,79912
"57","DOMESTIC",NA,NA,NA,NA,NA,NA,NA,NA,NA,NA,NA,NA,NA,NA,NA,NA,NA,NA,NA,NA,NA,NA,NA,NA,NA,NA,NA,NA,NA,NA,NA,NA,NA,NA,NA,NA,NA,NA,NA,NA,NA,NA,"31 Mar",7750,7968,0,0,101,7867,"31 Mar",7750,7968,0,0,101,7867,"31 Mar",8005,9381,2,522,1124,8257,"31 Mar",8005,9381,2,522,1124,8257,"31 Mar",8013,10168,234,1651,2516,7652
"58","EIG ANSVAR","31 Dec",122251,203834,92994,43854,158850,44984,"31 Dec",140401,226969,100033,47417,168046,58923,"31 Dec",140401,227678,100033,47417,168755,58923,"31 Dec",162097,263113,120321,47155,193750,69363,"31 Dec",162097,263113,120321,47155,193750,69363,"31 Dec",170848,302184,149126,57909,231522,70662,"31 Dec",170848,302184,149126,57909,231522,70662,"31 Dec",187126,332065,166474,67532,258916,73149,NA,NA,NA,NA,NA,NA,NA,NA,NA,NA,NA,NA,NA,NA,NA,NA,NA,NA,NA,NA,NA
"59","ELDERS","30 Jun",151615,379426,141659,114479,315304,64122,"30 Jun",151615,379426,141659,114479,315304,64122,"30 Jun",155295,421311,165742,124081,346788,74523,"30 Jun",155295,421311,165742,124081,346788,74523,"30 Jun",165521,438995,184356,129017,376595,62400,"30 Jun",165521,438995,184356,129017,376595,62400,"30 Jun",164392,486443,191286,158162,415984,70459,"30 Sep",164392,486443,191286,158162,415984,70459,"30 Jun",209846,575242,217656,178876,479495,95747,"31 Dec",211845,597339,236963,165038,494237,103102,"31 Dec",211845,597339,236963,165038,494237,103102
"60","EMPLOY MUT","30 Jun",47260,74731,9665,1995,29705,45026,"30 Jun",47260,74731,9665,1995,29705,45026,"30 Jun",50944,77135,14606,1050,24630,52505,"30 Jun",50944,77135,14606,1050,24630,52505,"30 Jun",61444,104473,17031,499,31757,72716,"30 Jun",61444,104473,17031,499,31757,72716,"30 Jun",62272,95661,18171,57,26037,69624,"30 Jun",62272,95661,18171,57,26037,69624,"30 Jun",63152,99174,17127,0,25537,73637,"30 Jun",63152,99174,17127,0,25537,73637,"30 Jun",75756,106843,16282,0,28071,78772
"61","EMPLOY RE","31 Dec",678161,855503,479369,126228,643209,212294,"31 Dec",816887,924988,536722,100253,685108,239880,"31 Dec",816887,924988,536722,100253,685108,239880,"31 Dec",842159,907179,506157,62383,609202,297977,"31 Dec",842159,907179,506157,62383,609202,297977,NA,NA,NA,NA,NA,NA,NA,NA,NA,NA,NA,NA,NA,NA,NA,NA,NA,NA,NA,NA,NA,NA,NA,NA,NA,NA,NA,NA,NA,NA,NA,NA,NA,NA,NA,NA,NA,NA,NA,NA,NA,NA
"62","FARM MIL","31 Mar",30077,53810,15894,15045,35000,18810,"31 Mar",30077,53810,15894,15045,35000,18810,"31 Mar",32421,78328,21844,23584,62932,15396,"31 Mar",32421,78328,21844,23584,62932,15396,NA,NA,NA,NA,NA,NA,NA,NA,NA,NA,NA,NA,NA,NA,NA,NA,NA,NA,NA,NA,NA,NA,NA,NA,NA,NA,NA,NA,NA,NA,NA,NA,NA,NA,NA,NA,NA,NA,NA,NA,NA,NA,NA,NA,NA,NA,NA,NA,NA
"63","FIRST AM","31 Dec",4364,11665,2975,0,4967,6698,"31 Dec",8036,14579,5585,0,7594,6985,"31 Dec",8036,14579,5585,0,7594,6985,"31 Dec",7630,17061,7116,0,9107,7953,"31 Dec",7630,17061,7116,0,9107,7953,"31 Dec",5192,20099,7137,0,10008,10090,"31 Dec",5192,20099,7137,0,10008,10090,"31 Dec",9246,17847,7628,0,8612,9235,"31 Dec",9246,17847,7628,0,8612,9235,"31 Dec",9326,18335,7573,0,9403,8933,"31 Dec",9326,18335,7573,0,9403,8933
"64","FM INS","31 Dec",161702,279552,76956,66382,179130,100422,"31 Dec",145257,278858,113671,58779,213715,65143,"31 Dec",145257,278858,113671,58779,213715,65143,"31 Dec",165663,354374,132823,68039,242356,112018,"31 Dec",165663,354374,132823,68039,242356,112018,"31 Dec",199811,476231,196523,62593,359577,116654,"31 Dec",199811,476231,196523,62593,359577,116654,"31 Dec",131435,391547,129669,82951,288488,103059,"31 Dec",131435,391547,129669,82951,288488,103059,"31 Dec",217964,358929,87137,77303,224671,134258,"31 Dec",217964,358929,87137,77303,224671,134258
"65","FORTRON","30 Jun",11820,25342,4074,7959,18453,6889,"30 Jun",13475,25342,4074,7959,18453,6889,"30 Jun",13354,20931,3408,5445,13374,7557,"30 Jun",11630,20931,3408,5445,13374,7557,"30 Jun",12651,21959,2907,6006,13228,8731,"30 Jun",12651,21959,2907,6006,13228,8731,"30 Jun",14835,21860,2897,5524,11551,10309,"30 Jun",14835,21860,2897,5524,11551,10309,"30 Jun",6500,12879,2713,6605,11648,1231,NA,NA,NA,NA,NA,NA,NA,NA,NA,NA,NA,NA,NA,NA
"66","GE MORT","31 Dec",1169133,1843161,15961,290956,354038,1489123,"31 Dec",1411210,2200006,53380,396376,556611,1643395,"31 Dec",1411210,2200006,53380,396376,556611,1643395,"31 Dec",1783053,1989053,148117,504982,787455,1201598,"31 Dec",1783053,1989053,148117,504982,787455,1201598,NA,NA,NA,NA,NA,NA,NA,NA,NA,NA,NA,NA,NA,NA,NA,NA,NA,NA,NA,NA,NA,NA,NA,NA,NA,NA,NA,NA,NA,NA,NA,NA,NA,NA,NA,NA,NA,NA,NA,NA,NA,NA
"67","GEN LMI",NA,NA,NA,NA,NA,NA,NA,NA,NA,NA,NA,NA,NA,NA,NA,NA,NA,NA,NA,NA,NA,"31 Dec",132226,140400,1987,11620,37358,103042,"31 Dec",132226,140400,1987,11620,37358,103042,"31 Dec",77924,94219,1194,2476,23050,71169,"31 Dec",77924,94219,1194,2476,23050,71169,"31 Dec",68904,86381,717,1913,22618,63763,"31 Dec",68904,86381,717,1913,22618,63763,"31 Dec",36974,48509,514,653,5510,43001,"31 Dec",36974,48509,514,653,5510,43001
"68","GEN MORT",NA,NA,NA,NA,NA,NA,NA,NA,NA,NA,NA,NA,NA,NA,NA,NA,NA,NA,NA,NA,NA,NA,NA,NA,NA,NA,NA,NA,NA,NA,NA,NA,NA,NA,NA,"31 Dec",2251461,2576483,207216,593178,961113,1615370,"31 Dec",2251461,2576483,207216,593178,961113,1615370,"31 Dec",2536661,2860286,227029,727351,1071143,1789143,"31 Dec",2536661,2860286,227029,727351,1071143,1789143,"31 Dec",2817661,3169525,281921,785238,1182386,1987137,"31 Dec",2817661,3169525,281921,785238,1182386,1987137
"69","GEN RE","31 Dec",669398,1197086,699100,72988,971484,225602,"31 Dec",709219,1165633,649091,61360,917998,247635,"31 Dec",709218,1165633,649091,61360,917998,247635,"31 Dec",659870,1063080,597256,68053,803936,259144,"31 Dec",659870,1063080,597256,68053,803936,259144,"31 Dec",640503,966627,518079,50819,720449,246178,"31 Dec",640503,966627,518079,50819,720449,246178,"31 Dec",908590,1011902,493367,58153,644674,367228,"31 Dec",908590,1011902,493367,58153,644674,367228,"31 Dec",747695,852111,280640,58301,441811,410300,"31 Dec",747695,852111,280640,58301,441811,410300
"70","GERLING","31 Dec",84312,291051,256201,3393,268579,22472,"31 Dec",80479,244491,198397,2061,211123,33368,"31 Dec",80479,244491,198397,2061,211123,33368,"31 Dec",72145,208233,159273,2047,174862,33371,"31 Dec",72145,208233,159273,2047,174862,33371,"31 Dec",57624,201715,159611,1733,168373,33342,"31 Dec",57624,201715,159611,1733,168373,33342,"31 Dec",52477,210196,141796,3063,176849,33347,"31 Dec",52477,210196,141796,3063,176849,33347,"31 Dec",36128,165790,121210,1510,141722,24068,"31 Dec",36128,165790,121210,1510,141722,24068
"71","GIO GEN","30 Jun",2647805,3696160,1824253,697675,2881668,814492,"30 Jun",2647805,3696160,1824253,697675,2881668,814492,"30 Jun",2675904,3605238,1825514,754937,2893616,711622,"30 Jun",2675904,3605238,1825514,754937,2893616,711622,"30 Jun",2813420,3891392,1806190,817654,3136288,755104,"30 Jun",2813420,3891392,1806190,817654,3136288,755104,"30 Jun",2700964,3855664,1883974,860091,3076527,779137,"30 Jun",2700964,3855664,1883974,860091,3076527,779137,"30 Jun",2336735,3530922,1790862,796388,2945911,585011,"30 Jun",2336735,3530922,1790862,796388,2945911,585011,"30 Jun",2413408,3770051,1889781,798152,3236077,533974
"72","GORDIAN","31 Dec",1627378,1910023,1055329,894,1175016,735007,"31 Dec",1600981,1785040,918152,20,999821,785219,"31 Dec",1600981,1785040,918152,20,999821,785219,"31 Dec",1307863,1427166,697204,0,731474,695692,"31 Dec",1307863,1427166,697204,0,731474,695692,"31 Dec",1019670,1108766,446956,0,511095,597671,"31 Dec",1019670,1108766,446956,0,511095,597671,"31 Dec",921071,976676,381087,0,401770,574906,"31 Dec",921071,976676,381087,0,401770,574906,"31 Dec",798243,855617,214208,0,248441,607176,"31 Dec",798243,855617,214208,0,248441,607176
"73","GRT LAKES",NA,NA,NA,NA,NA,NA,NA,NA,NA,NA,NA,NA,NA,NA,NA,NA,NA,NA,NA,NA,NA,NA,NA,NA,NA,NA,NA,NA,NA,NA,NA,NA,NA,NA,NA,NA,NA,NA,NA,NA,NA,NA,"31 Dec",NA,NA,NA,NA,NA,NA,"31 Dec",17292,84358,9720,18596,69683,14676,"31 Dec",17292,84358,9720,18596,69683,14676,"31 Dec",27934,212519,44605,49118,190887,21632,"31 Dec",27934,212519,44605,49118,190887,21632
"74","GUILD INS","30 Jun",117219,230068,108816,45443,178524,51544,"30 Jun",117219,230068,108816,45443,178524,51544,"30 Jun",133429,251244,117793,48357,195346,55898,"30 Jun",133429,251244,117793,48357,195346,55898,"30 Jun",163207,283124,131968,50968,212490,70634,"30 Jun",163207,283124,131968,50968,212490,70634,"30 Jun",162492,267694,113489,55712,194322,73372,"30 Jun",162492,267694,113489,55712,194322,73372,"30 Jun",175743,283366,121606,59291,208556,74810,"30 Jun",175743,283366,121606,59291,208556,74810,"30 Jun",203928,325664,132723,73729,236673,88991
"75","HALLMARK","31 Dec",71034,98314,12854,32487,53191,45123,"31 Dec",93072,128738,8539,36352,54285,74453,"31 Dec",93072,128738,8539,36352,54285,74453,"31 Dec",143508,176827,6377,48005,67791,109037,"31 Dec",143508,176827,6377,48005,67791,109037,"31 Dec",154857,184183,6931,32007,46119,138064,"31 Dec",154857,184183,6931,32007,46119,138064,"31 Dec",163647,193858,7063,32813,47724,146134,"31 Dec",163647,193858,7063,32813,47724,146134,"31 Dec",130298,160280,8771,42869,65161,95119,"31 Dec",130298,160280,8771,42869,65161,95119
"76","HANNOVER","31 Dec",577671,729086,459820,69322,562629,166457,"31 Dec",518357,651309,324338,101627,446712,204597,"31 Dec",518357,651309,324338,101627,446712,204597,"31 Dec",500971,625710,345659,107590,458178,167532,"31 Dec",500971,625710,345659,107590,458178,167532,"31 Dec",546617,690057,389884,113860,516548,173509,"31 Dec",546617,690057,389884,113860,516548,173509,"31 Dec",669406,808509,455155,130645,598828,209681,"31 Dec",669406,808509,455155,130645,598828,209681,"31 Dec",761828,903015,453281,146778,639174,263841,"31 Dec",761828,903015,453281,146778,639174,263841
"77","HBF INS","30 Jun",44065,64502,13863,15084,37244,27258,"30 Jun",44065,64502,13863,15084,37244,27258,"30 Jun",51191,88527,13103,29686,55603,32924,"30 Jun",51191,88527,13103,29686,55603,32924,"30 Jun",58701,98423,15474,31659,55192,43231,"30 Jun",58701,98423,15474,31659,55192,43231,"30 Jun",64986,109435,20151,35738,66126,43309,"30 Jun",64986,109435,20151,35738,66126,43309,"30 Jun",51167,118870,21061,40585,72520,46351,"30 Jun",51167,118870,21061,40585,72520,46351,"30 Jun",66896,179015,66485,41119,124464,54551
"78","HDIGERLING",NA,NA,NA,NA,NA,NA,NA,NA,NA,NA,NA,NA,NA,NA,NA,NA,NA,NA,NA,NA,NA,NA,NA,NA,NA,NA,NA,NA,NA,NA,NA,NA,NA,NA,NA,NA,NA,NA,NA,NA,NA,NA,NA,NA,NA,NA,NA,NA,NA,NA,NA,NA,NA,NA,NA,NA,NA,NA,NA,NA,NA,NA,NA,"31 Dec",0,15551,185,681,1724,13827,"31 Dec",0,15551,185,681,1724,13827
"79","HOLLARD","30 Jun",23178,89833,19453,18686,62315,27518,"30 Jun",23178,89833,19453,18686,62315,27518,"30 Jun",26228,112121,29835,26880,88291,23830,"30 Jun",26228,112121,29835,26880,88291,23830,"30 Jun",49177,136694,34543,33382,106704,29990,"30 Jun",49177,136694,34543,33382,106704,29990,"30 Jun",30458,163428,44308,40660,139198,24230,"30 Jun",30458,163428,44308,40660,139198,24230,"30 Jun",47576,201307,52338,61961,160700,40607,"30 Jun",47576,201307,52338,61961,160700,40607,"30 Jun",58371,226084,62139,77784,178766,47317
"80","HOTEL",NA,NA,NA,NA,NA,NA,NA,NA,NA,NA,NA,NA,NA,NA,NA,NA,NA,NA,NA,NA,NA,NA,NA,NA,NA,NA,NA,NA,NA,NA,NA,NA,NA,NA,NA,NA,NA,NA,NA,NA,NA,NA,"30 Jun",18471,30940,173,4814,10480,20460,"30 Jun",18471,30940,173,4814,10480,20460,"30 Jun",21374,49625,6875,9202,27570,22054,"30 Jun",21374,49625,6875,9202,27570,22054,"30 Jun",28695,66193,16616,11434,44056,22136
"81","HPIA","30 Jun",54507,82257,31129,9313,57775,24482,"30 Jun",54507,82257,31129,9313,57775,24482,"30 Jun",80592,121247,35274,13436,73084,48163,"30 Jun",80592,121247,35274,13436,73084,48163,"30 Jun",107924,132450,49552,8136,74214,58236,NA,NA,NA,NA,NA,NA,NA,NA,NA,NA,NA,NA,NA,NA,NA,NA,NA,NA,NA,NA,NA,NA,NA,NA,NA,NA,NA,NA,NA,NA,NA,NA,NA,NA,NA,NA,NA,NA,NA,NA,NA,NA
"82","HSB","31 Dec",18545,31339,1407,12487,15312,16027,"31 Dec",19961,35883,4532,14853,20967,14916,"31 Dec",19961,35883,4532,14853,20967,14916,"31 Dec",19727,31566,5730,15954,24221,7345,"31 Dec",19727,31566,5730,15954,24221,7345,"31 Dec",24743,34132,6303,12252,21972,12160,"31 Dec",24743,34132,6303,12252,21972,12160,"31 Dec",26103,33638,5845,5040,13115,20523,"31 Dec",26103,33638,5845,5040,13115,20523,"31 Dec",23744,32762,4797,4819,12395,20367,"31 Dec",23744,32762,4797,4819,12395,20367
"83","IAG RE","30 Jun",6132,6160,0,0,325,5835,"30 Jun",6132,6160,0,0,325,5835,"30 Jun",6481,6511,0,0,338,6173,"30 Jun",6481,6511,0,0,338,6173,"30 Jun",6893,6928,0,0,464,6464,NA,NA,NA,NA,NA,NA,NA,NA,NA,NA,NA,NA,NA,NA,NA,NA,NA,NA,NA,NA,NA,NA,NA,NA,NA,NA,NA,NA,NA,NA,NA,NA,NA,NA,NA,NA,NA,NA,NA,NA,NA,NA
"84","IAG RE AUS",NA,NA,NA,NA,NA,NA,NA,NA,NA,NA,NA,NA,NA,NA,NA,NA,NA,NA,NA,NA,NA,NA,NA,NA,NA,NA,NA,NA,"30 Jun",724830,2256014,1183479,492902,1822487,433527,"30 Jun",724830,2256014,1183479,492902,1822487,433527,"30 Jun",725189,1885384,732020,489942,1416302,469082,"30 Jun",725189,1885384,732020,489942,1416302,469082,"30 Jun",792504,2019921,788719,562685,1560000,459920,"30 Jun",792504,2019921,788719,562685,1560000,459920,"30 Jun",645571,2184748,905440,569268,1651870,532877
"85","IAL","30 Jun",7817428,10331321,3964987,1355204,6704752,3626569,"30 Jun",7817428,10331321,3964987,1355204,6704752,3626569,"30 Jun",7454788,10039998,3965868,1233555,6902009,3137990,"30 Jun",7454788,10039998,3965868,1233555,6902009,3137990,"30 Jun",7355483,10530093,4335986,1197546,7289651,3240442,"30 Jun",7355483,10530093,4335986,1197546,7289651,3240442,"30 Jun",7257005,9953128,3944908,1240192,6917856,3035272,"30 Jun",7257005,9953128,3944908,1240192,6917856,3035272,"30 Jun",7767443,10569442,4185076,1354153,7643677,2925766,"30 Jun",7767443,10566962,4185076,1354153,7635412,2931550,"30 Jun",7863022,10659254,4442173,1450782,7340913,3318340
"86","IMA","30 Jun",1430539,2239907,462197,986857,1667164,572743,"30 Jun",1430539,2239907,462197,986857,1667164,572743,"30 Jun",1418821,2129502,390871,856660,1496215,633288,"30 Jun",1418821,2129502,390871,856660,1496215,633288,"30 Jun",1383913,2486784,718765,867083,1881413,605371,"30 Jun",1383913,2486784,718765,867083,1881413,605371,"30 Jun",1336718,2160638,507838,921158,1654760,505879,"30 Jun",1336718,2160638,507838,921158,1654760,505879,"30 Jun",1482926,2299066,490784,934520,1695227,603839,"30 Jun",1482926,2299066,490784,934520,1695227,603839,"30 Jun",1589703,2602299,619972,939137,1976010,626288
"87","ING","31 Dec",29282,40481,2727,11167,19281,21200,"31 Dec",42202,56159,4422,13977,27143,29016,"31 Dec",42202,56159,4422,13977,27143,29016,"31 Dec",66722,101342,8266,33056,59619,41723,"31 Dec",66722,101342,8266,33056,59619,41723,"31 Dec",90908,130070,14029,39900,71950,58120,"31 Dec",90908,130070,14029,39900,71950,58120,"31 Dec",64276,146077,17274,59841,85834,60243,"31 Dec",64276,146077,17274,59841,85834,60243,"31 Dec",100747,236627,25658,88702,134651,101976,NA,NA,NA,NA,NA,NA,NA
"88","INTHANN",NA,NA,NA,NA,NA,NA,NA,NA,NA,NA,NA,NA,NA,NA,NA,NA,NA,NA,NA,NA,NA,NA,NA,NA,NA,NA,NA,NA,NA,NA,NA,NA,NA,NA,NA,NA,NA,NA,NA,NA,NA,NA,NA,NA,NA,NA,NA,NA,NA,"31 Dec",0,11795,4,2155,5060,6735,"31 Dec",0,11795,4,2155,5060,6735,"31 Dec",6928,32295,2491,9482,24065,8230,"31 Dec",6928,32295,2491,9482,24065,8230
"89","KEMPER INS","31 Dec",8322,8679,5038,0,5122,3557,"31 Dec",4382,4627,713,0,1070,3557,"31 Dec",4382,4627,713,0,1070,3557,"31 Dec",3964,4341,669,0,760,3581,"31 Dec",3964,4341,669,0,760,3581,"31 Dec",4115,4295,514,0,564,3731,"31 Dec",4115,4295,514,0,564,3731,"31 Dec",4000,4329,1278,0,1848,2481,"31 Dec",4000,4329,1278,0,1848,2481,"31 Dec",3483,3752,961,0,1006,2746,"31 Dec",3483,3752,961,0,1006,2746
"90","LAWCOVER","30 Jun",96030,175544,52435,56371,156731,18813,"30 Jun",96030,175544,52435,56371,156731,18813,"30 Jun",141894,235025,88405,61478,206866,28159,"30 Jun",141894,235025,88405,61478,206866,28159,"30 Jun",168863,276010,119693,60910,236480,39530,"30 Jun",168863,276010,119693,60910,236480,39530,"30 Jun",174202,299784,136971,65492,251814,47970,"30 Jun",174202,299784,136971,65492,251814,47970,"30 Jun",198801,336478,158168,64743,272629,63849,"30 Jun",198801,336478,158168,64743,272629,63849,"30 Jun",226291,351517,166070,65414,280564,70953
"91","LIBERTY","31 Dec",271479,581718,341471,106671,495772,85946,"31 Dec",319562,615734,382317,85474,519958,95776,"31 Dec",319562,615734,382317,85474,519958,95776,"31 Dec",356755,686850,430452,84736,572067,114783,"31 Dec",356755,686850,430452,84736,572067,114783,"31 Dec",404248,735306,436752,86570,603363,131943,"31 Dec",404248,735306,436752,86570,603363,131943,"31 Dec",460411,800309,411737,112264,580974,219335,"31 Dec",460411,800309,411737,112264,580974,219335,"31 Dec",481792,877701,472773,129576,638204,239497,"31 Dec",481792,877701,472773,129576,638204,239497
"92","LIONHEART","30 Jun",2833,4403,256,1600,3309,1094,"30 Jun",2833,4403,256,1600,3309,1094,"30 Jun",2835,3357,258,479,2396,961,"30 Jun",2835,3357,258,479,2396,961,"30 Jun",NA,NA,NA,NA,NA,NA,"30 Jun",2834,2962,218,0,2214,748,"30 Jun",6387,6461,0,0,2095,4366,"30 Jun",6387,6461,0,0,2095,4366,"30 Jun",NA,NA,NA,NA,NA,NA,"30 Jun",NA,NA,NA,NA,NA,NA,"30 Jun",NA,NA,NA,NA,NA,NA
"93","LUMLEY GEN","30 Jun",282941,716410,292404,192547,597950,118460,"30 Jun",282941,716410,292404,192547,597950,118460,"30 Jun",290686,726330,351328,165880,609625,116705,"30 Jun",290686,726330,351328,165880,609625,116705,"30 Jun",378578,874927,393233,248876,763472,111455,"30 Jun",378578,874927,393233,248876,763472,111455,"30 Jun",551992,1204183,480595,386715,1003382,200801,NA,NA,NA,NA,NA,NA,NA,NA,NA,NA,NA,NA,NA,NA,NA,NA,NA,NA,NA,NA,NA,NA,NA,NA,NA,NA,NA,NA
"94","MASTER BUT","01 Dec",NA,NA,NA,NA,NA,NA,"01 Dec",NA,NA,NA,NA,NA,NA,"01 Dec",NA,NA,NA,NA,NA,NA,"01 Dec",NA,NA,NA,NA,NA,NA,"01 Dec",NA,NA,NA,NA,NA,NA,"01 Dec",NA,NA,NA,NA,NA,NA,"01 Dec",NA,NA,NA,NA,NA,NA,"01 Dec",NA,NA,NA,NA,NA,NA,"01 Dec",NA,NA,NA,NA,NA,NA,"01 Dec",NA,NA,NA,NA,NA,NA,"01 Dec",NA,NA,NA,NA,NA,NA
"95","MDA","30 Jun",67256,164132,90323,15614,132508,31624,"30 Jun",67256,164132,90323,15614,132508,31624,"30 Jun",114396,209599,119341,14901,162974,46625,"30 Jun",114396,209599,119341,14901,162974,46625,"30 Jun",161570,244911,136961,17163,182705,62206,"30 Jun",161570,244911,136961,17163,182705,62206,"30 Jun",177622,274833,160366,21925,208345,66488,"30 Jun",177622,274833,160366,21925,208345,66488,"30 Jun",179174,309693,179841,21593,232803,76890,"30 Jun",179174,309693,179841,21593,232803,76890,"30 Jun",207169,315134,170145,20339,217536,97598
"96","MDU","30 Jun",0,6072,1044,0,1044,5028,"30 Jun",0,6072,1044,0,1044,5028,"30 Jun",0,5761,455,0,456,5305,"30 Jun",0,5761,455,0,456,5305,"30 Jun",0,5963,415,0,415,5548,"30 Jun",0,5963,415,0,415,5548,"30 Jun",NA,NA,NA,NA,NA,NA,NA,NA,NA,NA,NA,NA,NA,NA,NA,NA,NA,NA,NA,NA,NA,NA,NA,NA,NA,NA,NA,NA,NA,NA,NA,NA,NA,NA
"97","METLIFE","31 Dec",18537,20688,2672,0,2680,18008,"31 Dec",0,9315,2912,0,2933,6382,"31 Dec",0,9315,2912,0,2933,6382,"31 Dec",0,9771,2911,0,3037,6734,"31 Dec",0,9771,2911,0,3037,6734,"31 Dec",0,9971,2696,0,2824,7147,"31 Dec",0,9971,2696,0,2824,7147,"31 Dec",0,10310,2688,0,2732,7578,"31 Dec",0,10310,2688,0,2732,7578,"31 Dec",0,10757,2670,0,2727,8030,"31 Dec",0,10757,2670,0,2727,8030
"98","MGIC",NA,NA,NA,NA,NA,NA,NA,NA,NA,NA,NA,NA,NA,NA,NA,NA,NA,NA,NA,NA,NA,NA,NA,NA,NA,NA,NA,NA,"31 Dec",NA,NA,NA,NA,NA,NA,"31 Dec",123053,140485,53,2217,8738,131748,"31 Dec",123053,140485,53,2217,8738,131748,"31 Dec",144083,164226,2254,11820,21225,143001,"31 Dec",144083,164226,2254,11820,21225,143001,"31 Dec",146466,155133,1875,4935,12818,142315,"31 Dec",146466,155133,1875,4935,12818,142315
"99","MIA","30 Jun",53788,105570,53177,16504,84726,20844,"30 Jun",53788,105570,53177,16504,84726,20844,"30 Jun",50698,143087,76222,21883,111908,31179,"30 Jun",50698,143087,76222,21883,111908,31179,"30 Jun",85993,174792,92267,23422,134746,40046,"30 Jun",85993,174792,92267,23422,134746,40046,"30 Jun",113019,187491,103145,20563,137824,49667,"30 Jun",113019,187491,103145,20563,137824,49667,"30 Jun",121742,196125,112586,19956,141205,54920,"30 Jun",121742,196125,112586,19956,141205,54920,"30 Jun",134936,210761,111010,21611,141926,68835
"100","MIPSI",NA,NA,NA,NA,NA,NA,NA,NA,NA,NA,NA,NA,NA,NA,NA,NA,NA,NA,NA,NA,NA,NA,NA,NA,NA,NA,NA,NA,NA,NA,NA,NA,NA,NA,NA,"30 Jun",107924,132450,49552,8136,74214,58236,"30 Jun",111372,171786,72352,14049,103653,68134,"30 Jun",111372,171786,72352,14049,103653,68134,"30 Jun",120879,180102,81154,16856,110587,69515,"30 Jun",120879,180102,81154,16856,110587,69515,"30 Jun",157643,200098,90731,16036,123148,76950
"101","MITSUI","31 Mar",90682,108159,17103,11724,29946,78213,"31 Mar",90682,108159,17103,11724,29946,78213,"31 Mar",96931,114474,17845,10660,29969,84505,"31 Mar",96931,114474,17845,10660,29969,84505,"31 Mar",108451,125122,16576,11058,32840,92282,"31 Mar",108451,125122,16576,11058,32840,92282,"31 Mar",95504,110540,20156,11701,33705,76835,"31 Mar",95504,110540,20156,11701,33705,76835,"31 Mar",85000,117128,26309,14439,41812,75316,"31 Mar",85000,117128,26309,14439,41812,75316,"31 Mar",85000,121713,28627,14479,45020,76693
"102","MMIA","31 Dec",569569,978762,485049,192638,769980,208782,"31 Dec",533329,671816,394205,1560,443629,228187,"31 Dec",533329,671816,394205,1560,443629,228187,"31 Dec",586313,689655,301545,375,505942,183713,"31 Dec",586313,689655,301545,375,505942,183713,"31 Dec",601697,715823,258261,71,502805,213018,"31 Dec",601697,715823,258261,71,502805,213018,"31 Dec",NA,NA,NA,NA,NA,NA,NA,NA,NA,NA,NA,NA,NA,NA,NA,NA,NA,NA,NA,NA,NA,NA,NA,NA,NA,NA,NA
"103","MRMPL","30 Jun",20358,23093,55,6277,8580,14513,"30 Jun",20358,23093,55,6277,8580,14513,"30 Jun",20699,23119,1132,5149,8319,14800,"30 Jun",20699,23119,1132,5149,8319,14800,"30 Jun",18877,22710,857,5502,7796,14914,"30 Jun",18877,22710,857,5502,7796,14914,"30 Jun",18652,22832,687,5626,7541,15291,"30 Jun",18652,22832,687,5626,7541,15291,"30 Jun",11846,26283,1204,6050,7807,18476,"30 Jun",11846,26283,1204,6050,7807,18476,"30 Jun",27207,31214,1520,5496,8187,23027
"104","MTA","30 Jun",27342,30147,1410,8008,12377,17770,"30 Jun",27342,30147,1410,8008,12377,17770,"30 Jun",31073,33694,1515,9363,14927,18767,"30 Jun",31073,33694,1515,9363,14927,18767,"30 Jun",35028,37802,1354,9227,15534,22268,"30 Jun",35028,37802,1354,9227,15534,22268,"30 Jun",29822,36238,1354,11407,17094,19144,"30 Jun",29822,36238,1354,11407,17094,19144,"30 Jun",27821,35838,1736,11370,15938,19900,"30 Jun",27821,35838,1736,11370,15938,19900,"30 Jun",32993,37034,1762,11269,17484,19550
"105","MUNICH RE","31 Dec",1527477,1897370,976825,254175,1394836,502534,"31 Dec",1698368,2236107,986779,366641,1786086,450021,"31 Dec",1698368,2236107,986779,366641,1786086,450021,"31 Dec",1618062,2241913,1028486,426779,1766899,475014,"31 Dec",1618062,2241913,1028486,426779,1766899,475014,"31 Dec",1694363,2563633,1207989,469174,2087485,476148,"31 Dec",1694363,2563633,1207989,469174,2087485,476148,"31 Dec",1782705,2817481,1340839,597318,2319123,498358,"31 Dec",1782705,2817481,1340839,597318,2319123,498358,"31 Dec",1840027,2921730,1259987,675673,2391221,530509,"31 Dec",1840027,2921730,1259987,675673,2391221,530509
"106","MUNICIPAL","30 Jun",11231,11244,2707,0,2715,8529,"30 Jun",11231,11244,2707,0,2715,8529,"30 Jun",12238,12246,2582,0,2591,9655,"30 Jun",12238,12246,2582,0,2591,9655,"30 Jun",11902,11910,2525,0,2534,9376,"30 Jun",11902,11910,2525,0,2534,9376,"30 Jun",11596,11599,2089,0,2099,9500,"30 Jun",11596,11599,2089,0,2099,9500,"30 Jun",9751,9753,0,0,4,9749,"30 Jun",9751,9753,0,0,4,9749,NA,NA,NA,NA,NA,NA,NA
"107","MUT COMM","30 Jun",24610,51636,13709,20001,43072,8564,"30 Jun",24610,51636,13709,20001,43072,8564,"30 Jun",25553,53470,12807,17092,40753,12717,"30 Jun",25553,53470,12807,17092,40753,12717,"30 Jun",23411,51093,13124,18108,37535,13558,"30 Jun",23411,51093,13124,18108,37535,13558,"30 Jun",25203,51970,12614,17827,36441,15528,"30 Jun",25203,51970,12614,17827,36441,15528,"30 Jun",26068,55212,13049,19402,38557,16655,"30 Jun",26068,55212,13049,19402,38557,16655,"30 Jun",28139,66127,19609,23365,50877,15249
"108","NEW INDIA","31 Mar",19756,22737,3809,1543,6572,16165,"31 Mar",19756,22737,3809,1543,6572,16165,"31 Mar",20855,26660,3358,5258,9932,16728,"31 Mar",20855,26660,3358,5258,9932,16728,"31 Mar",23988,37435,4460,12143,17882,19553,"31 Mar",23988,37435,4460,12143,17882,19553,"31 Mar",26680,33159,5070,2073,9218,23941,"31 Mar",26680,33159,5070,2073,9218,23941,"31 Mar",35013,49202,15147,3525,20918,28284,"31 Mar",35013,49202,15147,3525,20918,28284,"31 Mar",42712,59040,13917,6734,24784,34256
"109","NIPPONKOA","31 Mar",0,27745,5351,3499,11647,16098,"31 Mar",0,27745,5351,3499,11647,16098,"31 Mar",0,41853,16453,3274,23817,18036,"31 Mar",0,41853,16453,3274,23817,18036,"31 Mar",0,40273,14464,3724,20353,19920,"31 Mar",0,40273,14464,3724,20353,19920,"31 Mar",0,45809,19731,3096,24626,21183,"31 Mar",0,45809,19731,3096,24626,21183,"31 Mar",0,45267,18641,3298,23705,21562,"31 Mar",0,45267,18641,3298,23705,21562,"31 Mar",0,35429,6514,4787,13533,21896
"110","NORTH","31 Dec",15563,34366,23470,0,23669,10697,"31 Dec",15692,34841,22664,0,22949,11892,"31 Dec",15692,34841,22664,0,22949,11892,"31 Dec",16624,20498,7349,0,7836,12663,"31 Dec",16624,20498,7349,0,7836,12663,"31 Dec",17724,20494,6077,0,6570,13924,"31 Dec",17724,20494,6077,0,6570,13924,"31 Dec",18431,20753,6076,0,6310,14443,"31 Dec",18431,20753,6076,0,6310,14443,"31 Dec",19186,21110,5512,0,5746,15364,"31 Dec",19186,21110,5512,0,5746,15364
"111","NRG LONDON","31 Dec",19004,20999,6518,0,7014,13985,"31 Dec",18732,21320,7032,0,7211,14109,"31 Dec",18732,21320,7032,0,7211,14109,"31 Dec",16573,18913,1909,0,2757,16156,"31 Dec",16573,18913,1909,0,2757,16156,NA,NA,NA,NA,NA,NA,NA,NA,NA,NA,NA,NA,NA,NA,NA,NA,NA,NA,NA,NA,NA,NA,NA,NA,NA,NA,NA,NA,NA,NA,NA,NA,NA,NA,NA,NA,NA,NA,NA,NA,NA,NA
"112","NRG VIC","31 Dec",46987,58058,31764,0,33044,25014,"31 Dec",40365,47146,11788,0,12782,34364,"31 Dec",40365,47146,11788,0,12782,34364,"31 Dec",34191,49003,17873,0,19467,29536,"31 Dec",34191,49003,17873,0,19467,29536,NA,NA,NA,NA,NA,NA,NA,NA,NA,NA,NA,NA,NA,NA,NA,NA,NA,NA,NA,NA,NA,NA,NA,NA,NA,NA,NA,NA,NA,NA,NA,NA,NA,NA,NA,NA,NA,NA,NA,NA,NA,NA
"113","NZI AUS","30 Jun",249262,462590,380461,0,408127,54463,"30 Jun",249262,462590,380461,0,408127,54463,"30 Jun",261291,465126,346154,0,379782,85344,"30 Jun",261291,465126,346154,0,379782,85344,NA,NA,NA,NA,NA,NA,NA,NA,NA,NA,NA,NA,NA,NA,NA,NA,NA,NA,NA,NA,NA,NA,NA,NA,NA,NA,NA,NA,NA,NA,NA,NA,NA,NA,NA,NA,NA,NA,NA,NA,NA,NA,NA,NA,NA,NA,NA,NA,NA
"114","OPG",NA,NA,NA,NA,NA,NA,NA,NA,NA,NA,NA,NA,NA,NA,NA,NA,NA,NA,NA,NA,NA,NA,NA,NA,NA,NA,NA,NA,NA,NA,NA,NA,NA,NA,NA,NA,NA,NA,NA,NA,NA,NA,NA,NA,NA,NA,NA,NA,NA,NA,NA,NA,NA,NA,NA,NA,NA,NA,NA,NA,NA,NA,NA,NA,NA,NA,NA,NA,NA,NA,"31 Dec",100747,236627,25658,88702,134651,101976
"115","OPTUS","31 Mar",17959,30307,2782,1401,17377,12930,"31 Mar",17959,30307,2782,1401,17377,12930,"31 Mar",13914,15458,2929,1439,7675,7783,"31 Mar",13914,15458,2929,1439,7675,7783,"31 Mar",22739,28439,2534,1367,14044,14395,"31 Mar",22739,28439,2534,1367,14044,14395,"31 Mar",17828,34373,2230,1110,15950,18419,"31 Mar",17828,34373,2230,1110,15950,18419,"31 Mar",17947,25293,4301,2560,12283,13011,"31 Mar",17947,25293,4301,2560,12283,13011,"31 Mar",25101,32548,4702,2405,18128,14419
"116","OVOID","30 Jun",NA,NA,NA,NA,NA,NA,NA,NA,NA,NA,NA,NA,NA,NA,NA,NA,NA,NA,NA,NA,NA,NA,NA,NA,NA,NA,NA,NA,NA,NA,NA,NA,NA,NA,NA,NA,NA,NA,NA,NA,NA,NA,NA,NA,NA,NA,NA,NA,NA,NA,NA,NA,NA,NA,NA,NA,NA,NA,NA,NA,NA,NA,NA,NA,NA,NA,NA,NA,NA,NA,NA,NA,NA,NA,NA,NA
"117","PACIFIC",NA,NA,NA,NA,NA,NA,NA,NA,NA,NA,NA,NA,NA,NA,NA,NA,NA,NA,NA,NA,NA,NA,NA,NA,NA,NA,NA,NA,NA,NA,NA,NA,NA,NA,NA,NA,NA,NA,NA,NA,NA,NA,NA,NA,NA,NA,NA,NA,NA,"30 Jun",NA,NA,NA,NA,NA,NA,"30 Jun",8165,11624,487,1399,2115,9509,"30 Jun",8165,11624,487,1399,2115,9509,"30 Jun",12046,14744,2529,1447,4443,10301
"118","PIA","30 Jun",30516,52395,35803,0,36445,15950,"30 Jun",30516,52395,35803,0,36445,15950,"30 Jun",34447,51397,31037,0,33821,17576,"30 Jun",34447,51397,31037,0,33821,17576,"30 Jun",37287,51489,29852,0,31251,20238,"30 Jun",37287,51489,29852,0,31251,20238,"30 Jun",33780,48002,27739,0,28193,19809,"30 Jun",33780,48002,27739,0,28193,19809,"30 Jun",11006,43841,16325,0,21322,22519,"30 Jun",11006,43841,16325,0,21322,22519,"30 Jun",5000,46189,12481,0,19130,27059
"119","PIICA","30 Jun",118300,202268,91046,12500,170488,31780,"30 Jun",118300,202268,91046,12500,170488,31780,"30 Jun",145188,211566,97200,20700,176467,35099,"30 Jun",145188,211566,97200,20700,168079,43487,"30 Jun",158028,229705,113400,21100,174614,55091,"30 Jun",158028,229705,113400,21100,174614,55091,NA,NA,NA,NA,NA,NA,NA,NA,NA,NA,NA,NA,NA,NA,NA,NA,NA,NA,NA,NA,NA,NA,NA,NA,NA,NA,NA,NA,NA,NA,NA,NA,NA,NA,NA
"120","PLMI","31 Dec",8356,12813,73,674,4076,8737,"31 Dec",10231,14555,237,931,4802,9753,"31 Dec",10231,14555,237,931,4802,9753,"31 Dec",12875,17655,293,904,5385,12270,"31 Dec",12875,17655,293,904,5385,12270,"31 Dec",17555,22334,251,1358,6572,15762,"31 Dec",17555,22334,251,1358,6572,15762,"31 Dec",6303,21953,439,2333,6977,14976,"31 Dec",6303,21953,439,2333,6977,14976,"31 Dec",15493,21221,227,2364,7036,14185,"31 Dec",15493,21221,227,2364,7036,14185
"121","PMI IND","31 Dec",170619,192791,3354,38325,54048,138743,"31 Dec",172790,179087,1421,3052,48568,130519,"31 Dec",172790,179087,1421,3052,48568,130519,NA,NA,NA,NA,NA,NA,NA,NA,NA,NA,NA,NA,NA,NA,NA,NA,NA,NA,NA,NA,NA,NA,NA,NA,NA,NA,NA,NA,NA,NA,NA,NA,NA,NA,NA,NA,NA,NA,NA,NA,NA,NA,NA,NA,NA,NA,NA,NA,NA,NA,NA,NA,NA,NA,NA,NA
"122","PMI MORT","31 Dec",749017,837607,10564,84766,251287,586320,"31 Dec",955721,1067229,14907,136921,321337,745892,"31 Dec",955721,1067229,14907,136921,321337,745892,"31 Dec",1280609,1436548,58048,158883,394346,1042202,"31 Dec",1280609,1436548,58048,158883,394346,1042202,"31 Dec",1456561,1591068,85645,182023,458523,1132545,"31 Dec",1456561,1591068,85645,182023,458523,1132545,NA,NA,NA,NA,NA,NA,NA,NA,NA,NA,NA,NA,NA,NA,NA,NA,NA,NA,NA,NA,NA,NA,NA,NA,NA,NA,NA,NA
"123","POSEIDON","30 Jun",2555,3216,185,0,252,2964,"30 Jun",2555,3216,185,0,252,2964,"30 Jun",2426,3144,225,0,265,2879,"30 Jun",2426,3144,225,0,265,2879,"30 Jun",2346,3075,184,0,245,2830,"30 Jun",2346,3075,184,0,245,2830,"30 Jun",2321,3036,119,0,183,2853,"30 Jun",2321,3036,119,0,183,2853,"30 Jun",2458,3287,158,0,278,3009,"30 Jun",2458,3287,158,0,278,3009,"30 Jun",2962,3328,125,0,224,3104
"124","PROGDIRECT",NA,NA,NA,NA,NA,NA,NA,NA,NA,NA,NA,NA,NA,NA,NA,NA,NA,NA,NA,NA,NA,NA,NA,NA,NA,NA,NA,NA,NA,NA,NA,NA,NA,NA,NA,NA,NA,NA,NA,NA,NA,NA,NA,NA,NA,NA,NA,NA,NA,NA,NA,NA,NA,NA,NA,NA,NA,NA,NA,NA,NA,NA,NA,"31 Dec",14797,15937,8,116,1831,14106,"31 Dec",14797,15937,8,116,1831,14106
"125","QBE AUS","31 Dec",2805378,4467763,2410437,607760,3401018,1066745,"31 Dec",3143817,5091361,2475673,773860,3811280,1280081,"31 Dec",3143817,5091361,2475673,773860,3811280,1280081,"31 Dec",3200306,5158183,2500069,846339,3777590,1380593,"31 Dec",3200306,5158183,2500069,846339,3777590,1380593,"31 Dec",3503109,5716889,2662645,968393,4203224,1513665,"31 Dec",3503109,5716889,2662645,968393,4203224,1513665,"31 Dec",3630180,6083024,3316493,1199198,4744097,1338927,"31 Dec",3630180,6083024,3316493,1199198,4744097,1338927,"31 Dec",3751483,6406557,3339720,1260248,4879874,1526683,"31 Dec",3751483,6406557,3339720,1260248,4879874,1526683
"126","QBE INT","31 Dec",480813,865123,300022,92250,507438,357685,"31 Dec",493302,865060,290822,87640,472207,392853,"31 Dec",493302,865060,290822,87640,472207,392853,"31 Dec",590216,971985,290743,91447,546764,425221,"31 Dec",590216,971985,290743,91447,546764,425221,"31 Dec",623603,1090783,293262,89262,611676,479107,"31 Dec",623603,1090783,293262,89262,611676,479107,"31 Dec",619421,1106307,385850,134860,659768,446538,"31 Dec",619421,1106307,385850,134860,659768,446538,"31 Dec",516999,969577,348824,117404,539252,430325,"31 Dec",516999,969577,348824,117404,539252,430325
"127","QBE LMI",NA,NA,NA,NA,NA,NA,NA,NA,NA,NA,NA,NA,NA,NA,NA,NA,NA,NA,NA,NA,NA,NA,NA,NA,NA,NA,NA,NA,NA,NA,NA,NA,NA,NA,NA,NA,NA,NA,NA,NA,NA,NA,NA,NA,NA,NA,NA,NA,NA,"31 Dec",1515415,1798020,156691,251901,682786,1115234,"31 Dec",1515415,1798020,156691,251901,682786,1115234,"31 Dec",1710260,1914914,125459,199637,619571,1295343,"31 Dec",1710260,1914914,125459,199637,619571,1295343
"128","RAA","30 Jun",46085,69315,13008,30687,52472,16843,"30 Jun",46085,69315,13008,30687,52472,16843,"30 Jun",49307,77034,13644,34853,59015,18019,"30 Jun",49307,77034,13644,34853,59015,18019,"30 Jun",57239,97307,24606,37986,77769,19538,"30 Jun",57239,97307,24606,37986,77769,19538,"30 Jun",52433,89320,17601,42464,67591,21729,"30 Jun",52433,89320,17601,42464,67591,21729,"30 Jun",58202,102382,19901,49301,78613,23769,"30 Jun",58202,102382,19901,49301,78613,23769,"30 Jun",64685,121053,22591,55134,94224,26828
"129","RAC","31 Dec",164590,367568,30694,102195,159037,208531,"31 Dec",182658,377805,37982,109783,171153,206652,"31 Dec",182658,377805,37982,109783,171153,206652,"31 Dec",166255,360613,37980,108969,164142,196471,"30 Jun",166255,360613,37980,108969,164142,196471,"30 Jun",165990,392870,45630,121127,185552,207318,"30 Jun",181391,415210,63112,132494,211449,203761,"30 Jun",181391,415210,63112,132494,211449,203761,"30 Jun",204589,455611,61397,140076,232355,223256,"30 Jun",204589,455611,61397,140076,232355,223256,"30 Jun",203852,601869,180294,148693,360481,241388
"130","RACQ","31 Dec",552986,742052,404190,189021,612893,129159,"31 Dec",646790,872030,457624,214428,724458,147572,"31 Dec",646790,872030,457624,214428,724458,147572,"31 Dec",700691,940492,442123,214045,754275,186218,"31 Dec",700691,940492,442123,214045,754275,186218,"31 Dec",696137,948842,485021,217711,748993,199848,"31 Dec",696137,948842,485021,217711,748993,199848,"31 Dec",729480,1121871,671216,251622,944352,177519,"31 Dec",729480,1121871,671216,251622,944352,177519,"31 Dec",843900,1201765,652558,271764,950133,251634,"31 Dec",843900,1201765,652558,271764,950133,251634
"131","RACT","30 Jun",19801,43614,10354,21727,34959,8655,"30 Jun",19801,43614,10354,21727,34959,8655,"30 Jun",21710,49685,10592,24302,40038,9647,"30 Jun",21710,49685,10592,24302,40038,9647,"30 Jun",31022,57913,12584,25286,44072,13843,"30 Jun",31022,57913,12584,25286,44072,13843,"30 Jun",31061,57895,14656,26138,46069,11826,"30 Jun",31061,57895,14656,26138,46069,11826,"30 Jun",28982,61868,14050,29419,48193,13675,"30 Jun",28982,61868,14050,29419,48193,13675,"30 Jun",35443,67744,11565,32515,51753,15991
"132","REALCOVER",NA,NA,NA,NA,NA,NA,NA,NA,NA,NA,NA,NA,NA,NA,NA,NA,NA,NA,NA,NA,NA,NA,NA,NA,NA,NA,NA,NA,NA,NA,NA,NA,NA,NA,NA,NA,NA,NA,NA,NA,NA,NA,NA,NA,NA,NA,NA,NA,NA,"30 Jun",NA,NA,NA,NA,NA,NA,"30 Jun",5913,7857,2689,1205,4530,3327,"30 Jun",5913,7857,2689,1205,4530,3327,"30 Jun",6174,7982,2964,800,4502,3480
"133","RURAL","30 Jun",3776,5367,3477,0,3894,1473,"30 Jun",3776,5367,3477,0,3894,1473,"30 Jun",3028,4140,3136,0,3309,831,"30 Jun",3028,4140,3136,0,3309,831,"30 Jun",2864,3955,2912,0,3085,870,"30 Jun",2864,3955,2912,0,3085,870,"30 Jun",2864,3953,2912,0,3085,868,"30 Jun",2864,3953,2912,0,3085,868,"30 Jun",2864,3388,1015,0,1188,2200,"30 Jun",2864,3388,1015,0,1188,2200,"30 Jun",NA,NA,NA,NA,NA,NA
"134","SCOR","31 Dec",69882,83221,30761,3220,41507,41714,"31 Dec",56540,78605,23231,10568,39083,39522,"31 Dec",56540,78605,23231,10568,39083,39522,"31 Dec",60008,85264,28081,20015,49008,36256,"31 Dec",60008,85264,28081,20015,49008,36256,"31 Dec",69409,106824,43327,19327,69603,37221,"31 Dec",69409,106824,43327,19327,69603,37221,"31 Dec",100761,264157,134352,43701,210532,53625,"31 Dec",100761,264157,134352,43701,210532,53625,"31 Dec",199950,363790,168871,49762,284355,79435,"31 Dec",199950,363790,168871,49762,284355,79435
"135","SCROSS",NA,NA,NA,NA,NA,NA,NA,NA,NA,NA,NA,NA,NA,NA,NA,NA,NA,NA,NA,NA,NA,NA,NA,NA,NA,NA,NA,NA,NA,NA,NA,NA,NA,NA,NA,NA,NA,NA,NA,NA,NA,NA,NA,NA,NA,NA,NA,NA,NA,NA,NA,NA,NA,NA,NA,NA,"30 Jun",7000,8474,200,375,984,7490,"30 Jun",7000,8474,200,375,984,7490,"30 Jun",7000,8721,689,683,1812,6909
"136","SGIA",NA,NA,NA,NA,NA,NA,NA,NA,NA,NA,NA,NA,NA,NA,NA,NA,NA,NA,NA,NA,NA,"30 Sep",NA,NA,NA,NA,NA,NA,"30 Sep",NA,NA,NA,NA,NA,NA,"30 Sep",370295,390346,571,30937,109802,280544,"30 Sep",370295,390346,571,30937,109802,280544,"30 Sep",388458,391646,2737,63001,87301,304345,"30 Sep",388458,391646,2737,63001,87301,304345,"30 Sep",636784,640419,11886,65282,125663,514756,"30 Sep",636784,640419,11886,65282,125663,514756
"137","SIRIUS",NA,NA,NA,NA,NA,NA,NA,NA,NA,NA,NA,NA,NA,NA,NA,NA,NA,NA,NA,NA,NA,NA,NA,NA,NA,NA,NA,NA,NA,NA,NA,NA,NA,NA,NA,NA,NA,NA,NA,NA,NA,NA,NA,NA,NA,NA,NA,NA,NA,NA,NA,NA,NA,NA,NA,NA,"31 Dec",NA,NA,NA,NA,NA,NA,"31 Dec",9000,10665,646,1130,2428,8237,"31 Dec",9000,10665,646,1130,2428,8237
"138","SOMPO","31 Dec",37501,55420,20084,3512,28452,26968,"31 Dec",36196,61204,25102,5431,34450,26754,"31 Dec",36196,61204,25102,5431,34450,26754,"31 Dec",25013,38067,12561,4777,20239,17828,"31 Dec",25013,38067,12561,4777,20239,17828,"31 Dec",27214,42682,15285,4600,22825,19857,"31 Dec",27214,42682,15285,4600,22825,19857,"31 Dec",28634,40471,10412,4713,18296,22175,"31 Dec",28634,40471,10412,4713,18296,22175,"31 Dec",28273,39062,10179,4523,16793,22269,"31 Dec",28273,39062,10179,4523,16793,22269
"139","SOVEREIGN",NA,NA,NA,NA,NA,NA,NA,NA,NA,NA,NA,NA,NA,NA,NA,NA,NA,NA,NA,NA,NA,NA,NA,NA,NA,NA,NA,NA,NA,NA,NA,NA,NA,NA,NA,NA,NA,NA,NA,NA,NA,NA,NA,NA,NA,NA,NA,NA,NA,NA,NA,NA,NA,NA,NA,NA,NA,NA,NA,NA,NA,NA,NA,"30 Jun",NA,NA,NA,NA,NA,NA,"30 Jun",5509,11640,778,3330,5435,6205
"140","SPHERE DRA","31 Dec",4802,6803,2481,0,2662,4141,"31 Dec",5036,6580,1902,0,2141,4439,"31 Dec",5036,6580,1902,0,2141,4439,"31 Dec",5313,6460,1973,0,2241,4219,"31 Dec",5313,6460,1973,0,2241,4219,"31 Dec",5639,6588,1950,0,2251,4337,"31 Dec",5639,6588,1950,0,2251,4337,"31 Dec",6023,6498,2030,0,2378,4120,"31 Dec",6023,6498,2030,0,2378,4120,"31 Dec",NA,NA,NA,NA,NA,NA,NA,NA,NA,NA,NA,NA,NA
"141","SR INT",NA,NA,NA,NA,NA,NA,NA,NA,NA,NA,NA,NA,NA,NA,NA,NA,NA,NA,NA,NA,NA,NA,NA,NA,NA,NA,NA,NA,NA,NA,NA,NA,NA,NA,NA,NA,NA,NA,NA,NA,NA,NA,NA,NA,NA,NA,NA,NA,NA,NA,NA,NA,NA,NA,NA,NA,NA,NA,NA,NA,NA,NA,NA,"31 Dec",NA,NA,NA,NA,NA,NA,"31 Dec",NA,NA,NA,NA,NA,NA
"142","SSL",NA,NA,NA,NA,NA,NA,NA,NA,NA,NA,NA,NA,NA,NA,NA,NA,NA,NA,NA,NA,NA,NA,NA,NA,NA,NA,NA,NA,NA,NA,NA,NA,NA,NA,NA,"31 Dec",155077,182950,55705,9099,69285,113665,"31 Dec",155077,182950,55705,9099,69285,113665,"31 Dec",152602,169712,41222,21,42514,127198,"31 Dec",152602,169712,41222,21,42514,127198,"31 Dec",NA,NA,NA,NA,NA,NA,NA,NA,NA,NA,NA,NA,NA
"143","ST ANDREW","31 Dec",26600,27520,845,6488,11874,15646,"31 Dec",28897,29952,849,6881,9985,19967,"31 Dec",28897,29952,849,6881,9985,19967,"31 Dec",19025,21163,549,6906,10561,10602,"31 Dec",19025,21163,549,6906,10561,10602,"31 Dec",24366,25997,400,6507,10387,15610,"30 Jun",24366,25997,400,6507,10387,15610,"30 Jun",21892,23627,461,6453,8457,15170,"30 Jun",22254,27063,1285,7478,10655,16408,"30 Jun",22254,27063,1285,7478,10655,16408,"30 Jun",24852,25473,645,5615,8294,17179
"144","ST PAUL","30 Sep",90359,185586,143489,2358,153559,32027,"30 Sep",85635,166259,131859,1192,138774,27485,"30 Sep",85635,166259,131859,1192,138774,27485,"30 Sep",82675,137849,105446,571,107917,29932,"30 Sep",82675,137849,105446,571,107917,29932,"30 Sep",77874,107035,59349,88,60236,46799,NA,NA,NA,NA,NA,NA,NA,NA,NA,NA,NA,NA,NA,NA,NA,NA,NA,NA,NA,NA,NA,NA,NA,NA,NA,NA,NA,NA,NA,NA,NA,NA,NA,NA,NA
"145","STATECOVER","30 Jun",85687,135150,57548,34413,104875,30275,"30 Jun",85687,135150,57548,34413,104875,30275,"30 Jun",110846,164167,66513,36993,121750,42417,"30 Jun",110846,164167,66513,36993,121750,42417,"30 Jun",122242,176473,83971,35668,132893,43580,"30 Jun",122242,176473,83971,35668,132893,43580,"30 Jun",130909,193144,106593,36518,154909,38235,"30 Jun",130909,193144,106593,36518,154909,38235,"30 Jun",159792,231354,128837,40263,183075,48279,"30 Jun",159792,231354,128837,40263,183075,48279,"30 Jun",196898,282641,154732,45561,215906,66735
"146","STEWART","31 Dec",5880,6563,144,0,428,6135,"31 Dec",7700,8623,447,0,759,7864,"31 Dec",7700,8623,447,0,759,7864,"31 Dec",7500,10401,2414,0,2989,7412,"31 Dec",7500,10401,2414,0,2989,7412,"31 Dec",8200,10280,2607,0,3247,7033,"31 Dec",8200,10280,2607,0,3247,7033,"31 Dec",9300,11357,2459,0,2954,8403,"31 Dec",9300,11357,2459,0,2954,8403,"31 Dec",9594,10628,2390,0,2703,7925,"31 Dec",9594,10628,2390,0,2703,7925
"147","SUNCORP","30 Jun",4813261,5370384,2332923,604066,3364572,2005812,"30 Jun",4813261,5370384,2332923,604066,3364572,2005812,"30 Jun",5194201,5826054,2412744,629145,3572333,2253721,"30 Jun",5194201,5826054,2412744,629145,3572333,2253721,"30 Jun",5701128,6389031,2273619,608735,4291060,2097971,"30 Jun",5701128,6389031,2273619,608735,4291060,2097971,"30 Jun",4995089,5711367,2300014,648705,3616899,2094468,"30 Jun",4995089,5711367,2300014,648705,3616899,2094468,"30 Jun",5024761,5773963,2384277,655619,3850383,1923580,"30 Jun",5024761,5773963,2384277,655619,3850383,1923580,"30 Jun",4698207,5708869,2495220,576287,3964358,1744511
"148","SUNDERLAND","31 Dec",9298,29865,10179,9166,22934,6931,"31 Dec",11725,34469,12606,8911,25754,8715,"31 Dec",11725,34469,12606,8911,25754,8716,"31 Dec",12282,34269,15698,6238,25729,8540,"31 Dec",12282,34269,15698,6238,25729,8540,"31 Dec",13288,30263,10789,8114,21167,9096,"31 Dec",13288,30263,10789,8114,21167,9096,"31 Dec",14230,26098,8939,8390,18012,8088,"31 Dec",14230,26098,8939,8390,18012,8088,"31 Dec",14699,28125,9301,9099,20238,7885,"31 Dec",14699,28125,9301,9099,20238,7885
"149","SUNSTATE","30 Jun",14184,15335,53,5739,7068,8267,"30 Jun",14184,15335,53,5739,7068,8267,"30 Jun",17123,18281,226,5338,7202,11079,"30 Jun",17123,18281,226,5338,7202,11079,"30 Jun",19782,22077,433,6884,9075,13002,"30 Jun",19782,22077,433,6884,9075,13002,"30 Jun",22577,28425,617,7959,11153,17272,"30 Jun",22577,28425,617,7959,11153,17272,"30 Jun",NA,NA,NA,NA,NA,NA,NA,NA,NA,NA,NA,NA,NA,NA,NA,NA,NA,NA,NA,NA
"150","SWANN","30 Jun",294053,367555,44572,163556,263286,104269,"30 Jun",294053,367555,44572,163556,263286,104269,"30 Jun",333332,414158,43582,172869,299077,115081,"30 Jun",333332,414158,43582,172869,299077,115081,"30 Jun",339509,406740,44354,158507,257005,149735,"30 Jun",339509,406740,44354,158507,257005,149735,"30 Jun",307067,374051,36853,156177,241851,132200,"30 Jun",307067,374051,36853,156177,241851,132200,"30 Jun",295225,360878,41665,154171,240853,120025,"30 Jun",295225,360878,41665,154171,240853,120025,"30 Jun",283088,370142,55978,141186,242448,127694
"151","SWISS RE","31 Dec",811525,1065869,418879,142822,593662,472207,"31 Dec",1581696,2174070,1110217,394951,1595969,578101,"31 Dec",1581696,2174070,1110217,394951,1595969,578101,"31 Dec",1479011,1992799,1104604,294635,1442191,550608,"31 Dec",1479011,1992799,1104604,294635,1442191,550608,"31 Dec",1383607,2058981,1157017,418476,1603181,455800,"31 Dec",1383607,2058981,1157017,418476,1603181,455800,"31 Dec",1561241,2285137,1271364,378232,1806403,478734,"31 Dec",1561241,2285137,1271364,378232,1806403,478734,"31 Dec",1533345,2242000,1172615,334973,1646705,595295,"31 Dec",1533345,2242000,1172615,334973,1646705,595295
"152","TAXI","30 Jun",1813,2078,122,0,447,1631,"30 Jun",1813,2078,122,0,447,1631,"30 Jun",2230,2464,112,0,540,1924,"30 Jun",2230,2464,112,0,540,1924,"30 Jun",2416,2729,162,0,653,2076,"30 Jun",2416,2729,162,0,653,2076,"30 Jun",2881,3022,1,0,618,2404,"30 Jun",2881,3022,1,0,618,2404,"30 Jun",1680,2915,0,0,436,2479,"30 Jun",1680,2915,0,0,436,2479,NA,NA,NA,NA,NA,NA,NA
"153","TGI AUS","31 Dec",178269,265329,167349,260,179759,85570,"31 Dec",171217,226593,113730,809,140141,86452,"31 Dec",171217,226593,113730,809,140141,86452,"31 Dec",144122,200843,106683,750,109061,91782,"31 Dec",144122,200843,106683,750,109061,91782,"31 Dec",145897,189338,80784,834,85412,103926,"31 Dec",145897,189338,80784,834,85412,103926,"31 Dec",99357,142187,65986,199,67811,74376,"31 Dec",99357,142187,65986,199,67811,74376,"31 Dec",103845,118584,36171,173,37961,80623,"31 Dec",103845,118584,36171,173,37961,80623
"154","TMIC","30 Jun",7210,8508,116,684,1547,6961,"30 Jun",7210,8508,116,684,1547,6961,"30 Jun",12715,16972,592,3004,4712,12260,"30 Jun",12715,16972,592,3004,4712,12260,"30 Jun",6029,33704,2231,8877,13493,20211,"30 Jun",6029,33704,2231,8877,13493,20211,"30 Jun",38798,44281,6477,14510,22013,22267,"30 Jun",38798,44281,6477,14510,22013,22267,"30 Jun",33108,35506,7754,14168,22290,13216,"30 Jun",33112,35510,7754,14817,22939,12571,"30 Jun",29365,30585,736,5761,6720,23863
"155","TOKIO","31 Mar",79448,117668,33044,15149,55960,61708,"31 Mar",79448,117668,33044,15149,55960,61708,"31 Mar",87759,154554,56701,20246,85537,69017,"31 Mar",87759,154554,56701,20246,85537,69017,"31 Mar",101367,157920,60868,16745,84535,73385,"31 Mar",101367,157920,60868,16745,84535,73385,"31 Mar",104686,174243,70346,19425,97738,76505,"31 Mar",104686,174243,70346,19425,97738,76505,"31 Mar",101485,195545,96825,14197,121382,74163,"31 Mar",101485,195545,96825,14197,121382,74163,"31 Mar",96779,168012,62341,15232,92034,75978
"156","Total ($ million)",NA,NA,NA,NA,NA,NA,NA,"",55159,81536,34881,13568,56597,24938,NA,NA,NA,NA,NA,NA,NA,NA,NA,NA,NA,NA,NA,NA,NA,NA,NA,NA,NA,NA,NA,NA,NA,NA,NA,NA,NA,NA,NA,NA,NA,NA,NA,NA,NA,NA,NA,NA,NA,NA,NA,NA,NA,NA,NA,NA,NA,NA,NA,NA,NA,NA,NA,NA,NA,NA,NA,NA,NA,NA,NA,NA,NA
"157","TOWER","30 Sep",25570,38951,11977,0,13240,25711,"30 Sep",38552,40547,11404,0,13118,27429,"30 Sep",38552,40547,11404,0,13118,27429,"30 Sep",38922,40531,10922,0,11557,28974,"30 Sep",38922,40531,10922,0,11557,28974,"30 Sep",39948,41247,10442,0,11078,30169,"30 Sep",39948,41247,10442,0,11078,30169,"30 Sep",40218,41928,10384,0,11637,30291,"30 Sep",40218,41928,10384,0,11637,30291,"30 Sep",41680,43357,10480,0,12115,31242,"30 Sep",41680,43357,10480,0,12115,31242
"158","TRAVELERS",NA,NA,NA,NA,NA,NA,NA,NA,NA,NA,NA,NA,NA,NA,NA,NA,NA,NA,NA,NA,NA,NA,NA,NA,NA,NA,NA,NA,NA,NA,NA,NA,NA,NA,NA,NA,NA,NA,NA,NA,NA,NA,"30 Sep",77874,107035,59349,88,60236,46799,"30 Sep",61618,85266,48544,0,49443,35823,"30 Sep",61618,85266,48544,0,49443,35823,"30 Sep",53678,66748,27166,0,29600,37148,"30 Sep",53678,66748,27166,0,29600,37148
"159","TRC","31 Dec",26055,38857,6542,4383,15405,23452,"31 Dec",30246,47955,7639,6336,17742,30213,"31 Dec",30246,47955,7639,6336,17742,30213,"31 Dec",47335,70998,14664,17822,37176,33822,"31 Dec",47335,70998,14664,17822,37176,33822,"31 Dec",53285,81673,18371,14856,37982,43691,"31 Dec",53285,81673,18371,14856,37982,43691,"31 Dec",74576,99263,21625,17600,44381,54882,"31 Dec",74576,99263,21625,17600,44381,54882,"31 Dec",87730,125681,28868,26978,60684,64997,"31 Dec",87730,125681,28868,26978,60684,64997
"160","TTCLUB",NA,NA,NA,NA,NA,NA,NA,NA,NA,NA,NA,NA,NA,NA,NA,NA,NA,NA,NA,NA,NA,NA,NA,NA,NA,NA,NA,NA,NA,NA,NA,NA,NA,NA,NA,NA,NA,NA,NA,NA,NA,NA,NA,NA,NA,NA,NA,NA,NA,"31 Dec",NA,NA,NA,NA,NA,NA,"31 Dec",NA,NA,NA,NA,NA,NA,"31 Dec",0,38235,4506,12229,33040,5194,"31 Dec",0,38235,4506,12229,33040,5194
"161","VERO","31 Dec",3952394,6036411,2355758,1273180,4371533,1664878,"31 Dec",4162377,6242986,2435263,1366824,4447491,1795495,"31 Dec",4162377,6242986,2435263,1366824,4447491,1795495,"31 Dec",4134050,6131452,2417843,1416768,4626310,1505142,"30 Jun",4134050,6131452,2417843,1416768,4626310,1505142,NA,NA,NA,NA,NA,NA,NA,"30 Jun",4679715,6881572,2585798,1503785,5913152,968420,"30 Jun",4679715,6881572,2585798,1503785,5913152,968420,"30 Jun",4649235,6068580,1440408,559162,3062845,3005735,"30 Jun",4649235,6068580,1440408,559162,3062845,3005735,"30 Jun",4830623,6259124,1598257,572019,3356125,2902999
"162","VERO LMI","31 Dec",353838,370897,3796,95043,159870,211027,"31 Dec",323603,335171,3196,66726,92013,243158,"31 Dec",323603,335171,3196,66726,92013,243158,NA,NA,NA,NA,NA,NA,NA,NA,NA,NA,NA,NA,NA,NA,NA,NA,NA,NA,NA,NA,NA,NA,NA,NA,NA,NA,NA,NA,NA,NA,NA,NA,NA,NA,NA,NA,NA,NA,NA,NA,NA,NA,NA,NA,NA,NA,NA,NA,NA,NA,NA,NA,NA,NA,NA,NA
"163","VEROc ",NA,NA,NA,NA,NA,NA,NA,NA,NA,NA,NA,NA,NA,NA,NA,NA,NA,NA,NA,NA,NA,NA,NA,NA,NA,NA,NA,NA,NA,NA,NA,NA,NA,NA,NA,"30 Jun",4522178,7297181,2633313,1549441,5978274,1318907,NA,NA,NA,NA,NA,NA,NA,NA,NA,NA,NA,NA,NA,NA,NA,NA,NA,NA,NA,NA,NA,NA,NA,NA,NA,NA,NA,NA,NA,NA,NA,NA,NA,NA,NA
"164","VIRGINIA","31 Dec",19507,23575,797,9093,11826,11749,"31 Dec",22293,27480,474,7052,10102,17378,"31 Dec",22293,27480,474,7052,10102,17378,"31 Dec",23099,29722,448,7090,8764,20958,"31 Dec",23099,29722,448,7090,8764,20958,"31 Dec",27969,33327,1142,8992,11354,21973,"31 Dec",27969,33327,1142,8992,11354,21973,"31 Dec",31699,42852,1673,17180,21255,21597,"31 Dec",31699,42852,1673,17180,21255,21597,"31 Dec",39397,50247,2030,27168,30904,19343,"31 Dec",39397,50247,2030,27168,30904,19343
"165","WESFARMERS","30 Jun",244220,331230,124900,98321,258440,72790,"30 Jun",244220,331230,124900,98321,258440,72790,"30 Jun",238664,366221,151462,100636,289437,76784,"30 Jun",238664,366221,151462,100636,289437,76784,"30 Jun",257080,368442,131851,113920,290381,78061,"30 Jun",257080,368442,131851,113920,290381,78061,"30 Jun",293564,402982,132884,119984,302518,100464,"30 Jun",293564,402982,132884,119984,302518,100464,NA,NA,NA,NA,NA,NA,NA,NA,NA,NA,NA,NA,NA,NA,NA,NA,NA,NA,NA,NA,NA
"166","WESTERN","31 Dec",10513,26781,287,2570,15378,11403,"31 Dec",23325,42620,883,6350,24515,18105,"31 Dec",23325,42620,883,6350,24515,18105,"31 Dec",49103,73308,3079,8947,32952,40356,"31 Dec",49103,73308,3079,8947,32952,40356,NA,NA,NA,NA,NA,NA,NA,NA,NA,NA,NA,NA,NA,NA,NA,NA,NA,NA,NA,NA,NA,NA,NA,NA,NA,NA,NA,NA,NA,NA,NA,NA,NA,NA,NA,NA,NA,NA,NA,NA,NA,NA
"167","WESTPAC","30 Sep",133866,191379,38480,68716,131394,59985,"30 Sep",131440,192333,36755,66062,125674,66659,"30 Sep",131440,192333,36755,66062,125674,66659,"30 Sep",135103,202924,39176,75049,139733,63191,"30 Sep",135103,202924,39176,75049,139733,63191,"30 Sep",159413,234040,45266,81267,157266,76774,"30 Sep",159413,234040,45266,81267,157266,76774,"30 Sep",163730,243459,48063,88158,166177,77282,"30 Sep",163730,243459,48063,88158,166177,77282,"30 Sep",158033,253609,55035,100541,182328,71277,"30 Sep",158033,253609,55035,100541,182328,71277
"168","WESTPORT",NA,NA,NA,NA,NA,NA,NA,NA,NA,NA,NA,NA,NA,NA,NA,NA,NA,NA,NA,NA,NA,NA,NA,NA,NA,NA,NA,NA,NA,NA,NA,NA,NA,NA,NA,"31 Dec",663461,739550,362941,18234,435321,304229,"31 Dec",663461,739550,362941,18234,435321,304229,"31 Dec",505913,587535,313877,25236,375281,212254,"31 Dec",505913,587535,313877,25236,375281,212254,"31 Dec",134781,497690,252440,27144,320149,177541,"31 Dec",134781,497690,252440,27144,320149,177541
"169","WGI",NA,NA,NA,NA,NA,NA,NA,NA,NA,NA,NA,NA,NA,NA,NA,NA,NA,NA,NA,NA,NA,NA,NA,NA,NA,NA,NA,NA,NA,NA,NA,NA,NA,NA,NA,NA,NA,NA,NA,NA,NA,NA,NA,NA,NA,NA,NA,NA,NA,"30 Jun",551992,1204183,480595,386715,1003382,200801,"30 Jun",962332,1846505,781944,551070,1531048,315457,"30 Jun",962332,1846505,781944,551070,1531048,315457,"30 Jun",1051080,1931282,766873,572874,1577448,353834
"170","WPAC LMI","30 Sep",95086,140883,1613,56904,70876,70007,"30 Sep",131121,163173,1865,37432,62061,101112,"30 Sep",131121,163173,1865,37432,62061,101112,"30 Sep",202919,243736,4874,57525,96189,147547,"30 Sep",202919,243736,4874,57525,96189,147547,"30 Sep",248694,300293,10142,79626,122029,178264,"30 Sep",248694,300293,10142,79626,122029,178264,"30 Sep",307591,345675,18724,88755,137540,208134,"30 Sep",307591,345675,18724,88755,137540,208134,"30 Sep",482429,539187,14133,123808,180213,358974,"30 Sep",482429,539187,14133,123808,180213,358974
"171","WRBERKLEY",NA,NA,NA,NA,NA,NA,NA,NA,NA,NA,NA,NA,NA,NA,NA,NA,NA,NA,NA,NA,NA,NA,NA,NA,NA,NA,NA,NA,NA,NA,NA,NA,NA,NA,NA,"31 Dec",0,25561,0,81,711,24850,"31 Dec",0,25561,0,81,711,24850,"31 Dec",25356,48798,5265,9819,18595,30203,"31 Dec",25356,48798,5265,9819,18595,30203,"31 Dec",29866,67076,17349,14209,38351,28725,"31 Dec",29866,67076,17349,14209,38351,28725
"172","XL INS","31 Dec",104138,232112,115549,25705,186433,45679,"31 Dec",122018,232276,118709,35987,172248,60028,"31 Dec",122018,232276,118709,35987,172248,60028,"31 Dec",128870,235427,100230,48248,164672,70755,"31 Dec",128870,235427,100230,48248,164672,70755,"31 Dec",114324,255426,125231,40106,187744,67682,"31 Dec",114324,255426,125231,40106,187744,67682,"31 Dec",135775,316979,170495,51254,243211,73768,"31 Dec",135775,316979,170495,51254,243211,73768,"31 Dec",130381,320930,194455,43817,257571,63359,"31 Dec",130381,320930,194455,43817,257571,63359
"173","XL R",NA,NA,NA,NA,NA,NA,NA,NA,NA,NA,NA,NA,NA,NA,NA,NA,NA,NA,NA,NA,NA,NA,NA,NA,NA,NA,NA,NA,NA,NA,NA,NA,NA,NA,NA,NA,NA,NA,NA,NA,NA,NA,NA,NA,NA,NA,NA,NA,NA,"31 Dec",0,60562,21540,0,24673,35889,NA,NA,NA,NA,NA,NA,NA,NA,NA,NA,NA,NA,NA,NA,NA,NA,NA,NA,NA,NA,NA
"174","XL RE","31 Dec",40704,87681,51599,4688,73198,14483,"31 Dec",50602,104607,56479,5167,84600,20007,"31 Dec",50602,104607,56479,5167,84600,20007,"31 Dec",55746,94502,50847,204,68578,25924,"31 Dec",55746,94502,50847,204,68578,25924,"31 Dec",0,86908,40206,0,52504,34404,"31 Dec",0,86908,40206,0,52504,34404,NA,NA,NA,NA,NA,NA,NA,"31 Dec",0,60562,21540,0,24673,35889,"31 Dec",NA,NA,NA,NA,NA,NA,"31 Dec",NA,NA,NA,NA,NA,NA
"175","YOUI",NA,NA,NA,NA,NA,NA,NA,NA,NA,NA,NA,NA,NA,NA,NA,NA,NA,NA,NA,NA,NA,NA,NA,NA,NA,NA,NA,NA,NA,NA,NA,NA,NA,NA,NA,NA,NA,NA,NA,NA,NA,NA,"30 Jun",19687,21802,0,0,647,21155,"30 Jun",19687,21802,0,0,647,21155,"30 Jun",10817,40810,1684,7285,17589,23221,"30 Jun",10817,40810,1684,7285,17589,23221,"30 Jun",24996,64351,9279,27886,44268,20083
"176","ZURICH","31 Dec",1781596,2521859,1409653,360795,1872899,648960,"31 Dec",1842776,2552580,1328464,338294,1772732,779848,"31 Dec",1842776,2552580,1328464,338294,1772732,779848,"31 Dec",1825819,2576105,1254257,351219,1728708,847397,"31 Dec",1825819,2576105,1254257,351219,1728708,847397,"31 Dec",1731535,2592918,1370953,428208,1924559,668359,"31 Dec",1731535,2592918,1370953,428208,1924559,668359,"31 Dec",1678193,2696448,1464785,466417,2062770,633678,"31 Dec",1678193,2696448,1464785,466417,2062770,633678,"31 Dec",1707218,2956452,1605631,505110,2243995,712455,"31 Dec",1707218,2956452,1605631,505110,2243995,712455
