"","BuildType","ClaimCost","SumInsured"
"1","E",6437.7243,25560
"2","D",4263.09498,142560
"3","D",2546.2944,5292
"4","C",2247.27624,5508
"5","B",3.564,414
"6","B",3.564,540
"7","B",1.6182,702
"8","B",2.7837,720
"9","B",2.6982,756
"10","D",14.04,900
"11","B",6.399,1116
"12","B",8.262,1134
"13","D",1.242,1134
"14","B",3.582,1170
"15","B",0.63,1260
"16","B",4.122,1314
"17","B",0.63,1314
"18","B",3.6,1350
"19","B",56.799,1368
"20","B",11.052,1368
"21","B",198.16056,1404
"22","B",159.56784,1404
"23","B",2.1582,1440
"24","B",1.98,1440
"25","B",1.53,1440
"26","B",0.855,1530
"27","B",4.6377,1566
"28","B",4.482,1566
"29","B",2.3382,1566
"30","B",6.4476,1584
"31","B",11.5191,1620
"32","B",1.602,1620
"33","B",5.004,1638
"34","B",0.81,1638
"35","B",5.0625,1656
"36","E",12.8502,1764
"37","B",3.222,1764
"38","B",6.642,1836
"39","B",5.3955,1836
"40","B",4.5,1836
"41","B",0.8991,1836
"42","B",14.1255,1872
"43","B",2.7,1872
"44","B",2.124,1944
"45","B",37.62,1962
"46","B",4.29192,1962
"47","B",2.4516,1962
"48","B",1.764,1962
"49","D",3.564,1980
"50","B",17.1,2016
"51","B",7.2,2070
"52","B",3.5955,2070
"53","B",5.22,2088
"54","B",1.2582,2142
"55","B",170.74026,2160
"56","B",8.082,2160
"57","B",4.482,2160
"58","B",3.0582,2160
"59","B",2.502,2160
"60","D",1.0782,2160
"61","B",0.36,2160
"62","D",9.693,2178
"63","C",1063.04094,2196
"64","B",22.14,2196
"65","C",13.086,2196
"66","B",2.07,2196
"67","B",18.54,2250
"68","B",3.39156,2250
"69","B",3.582,2286
"70","B",8.9631,2358
"71","B",17.07444,2376
"72","B",14.39784,2376
"73","B",27.0891,2448
"74","B",24.687,2448
"75","D",0.531,2448
"76","E",27,2484
"77","B",5.562,2484
"78","B",1.6191,2574
"79","B",7.1325,2592
"80","B",1.7982,2628
"81","B",4.7322,2664
"82","B",8.46,2790
"83","B",2.8791,2862
"84","B",1.161,2898
"85","B",1.134,2916
"86","D",1280.77686,2934
"87","B",4.491,3114
"88","B",4.122,3114
"89","B",3.582,3114
"90","B",2.61,3114
"91","D",4.1391,3186
"92","B",72.846,3348
"93","D",1.062,3600
"94","B",2.5191,3636
"95","B",1.4391,3762
"96","D",114.59862,3906
"97","D",7.49142,3924
"98","B",1.512,4122
"99","B",0.6507,4140
"100","B",4.5,4194
"101","D",1.08,4230
"102","D",1227.35016,4392
"103","D",1.17,4500
"104","B",13.698,4554
"105","B",20.358,4698
"106","B",4.482,4788
"107","B",22.4208,4878
"108","D",58.482,5058
"109","C",2.7,5202
"110","B",77.958,5256
"111","B",20.3202,5382
"112","D",10.5732,5994
"113","D",30.33,6138
"114","B",4.068,6354
"115","B",1.242,6570
"116","B",82.0485,6876
"117","D",19.332,7254
"118","B",450.04086,8568
"119","B",90,8568
"120","D",20.196,8892
"121","D",9.64044,9018
"122","B",58.7376,9126
"123","E",53.10594,9396
"124","B",107.99154,9486
"125","D",12.87,9540
"126","B",24.19938,9666
"127","D",4.5,10566
"128","D",9.414,11124
"129","D",15.12,11232
"130","D",4.545,11268
"131","D",10.08,11340
"132","D",1.764,11340
"133","D",70.074,11376
"134","B",30.384,11466
"135","D",21.528,11538
"136","E",10.764,11952
"137","D",16.18956,12186
"138","B",1.8,12294
"139","D",8.3835,12330
"140","D",1.0818,12330
"141","D",49.896,12384
"142","D",9.5751,12420
"143","D",51.354,12834
"144","E",28.962,12888
"145","D",8.532,13122
"146","D",29.25,13680
"147","D",1.53,14274
"148","D",5.3325,14724
"149","A",15.309,14922
"150","D",5.2182,15534
"151","E",568.9431,16074
"152","D",8.5068,16110
"153","E",23.31,16326
"154","B",1914.17238,16884
"155","D",14.4,17190
"156","C",85.212,20196
"157","D",5.6088,20322
"158","A",1.422,20790
"159","A",2.88,21060
"160","B",0.8982,21132
"161","D",1.062,21672
"162","D",53.34336,22662
"163","D",2.61,23238
"164","D",282.0825,24300
"165","D",28.71,24894
"166","D",3.762,25236
"167","D",488.376,25344
"168","B",63.64944,27468
"169","D",6.003,27648
"170","E",9.45,27954
"171","A",11.277,28890
"172","A",67.23234,30186
"173","D",1.8,30186
"174","D",43.17192,31770
"175","D",7.2,32922
"176","D",74.38968,32976
"177","A",20.25,33300
"178","D",25.8948,33480
"179","A",3.4191,34020
"180","F",49.806,34740
"181","C",35.4744,35190
"182","D",3.582,35550
"183","D",2.682,35550
"184","D",20.4768,36342
"185","B",687.90528,38178
"186","D",1176.06888,39276
"187","A",22.38876,42084
"188","D",5.9112,42192
"189","A",0.8991,42786
"190","B",430.96248,43110
"191","D",5.229,44586
"192","D",4.194,44784
"193","D",3.15,45108
"194","E",25.83486,46062
"195","E",72.53334,46890
"196","D",2.502,47070
"197","D",79.54146,47178
"198","D",8.622,47844
"199","D",2.7,48438
"200","A",4.58604,48690
"201","D",5.742,50760
"202","B",2.8035,51588
"203","D",3.15,52200
"204","D",57.6,52614
"205","D",45.18072,53082
"206","D",4.41,53748
"207","A",21.276,54000
"208","D",9.55584,55818
"209","B",1.602,60858
"210","E",75.13596,61470
"211","D",6.012,61920
"212","D",0.45,61920
"213","D",5.922,62550
"214","D",6.90804,62694
"215","D",7.074,64710
"216","D",848.0538,64872
"217","D",47.2635,64872
"218","E",21.06342,65196
"219","D",7272.39186,66294
"220","D",2723.67504,67104
"221","A",36.81972,67302
"222","A",4.68,70758
"223","D",10.71954,70884
"224","D",1.575,71406
"225","D",0.9,71406
"226","F",34.46928,71424
"227","D",41.958,74412
"228","B",53.118,75024
"229","D",2.196,75906
"230","D",31.56048,77346
"231","D",29.12904,77418
"232","A",45.828,77472
"233","A",2.87964,78408
"234","A",2.87964,78408
"235","D",13.05,78804
"236","D",0.8982,78804
"237","D",0.54,78858
"238","D",5.796,79704
"239","D",172.3023,84744
"240","A",23.31,85950
"241","D",12.15,86238
"242","B",39.30264,88542
"243","A",8.424,89028
"244","D",1.44,90954
"245","D",36.9369,91980
"246","D",34.27434,93114
"247","D",1.62,95256
"248","D",5.9544,97254
"249","B",13.59,98262
"250","B",26.52534,100818
"251","D",10.926,101988
"252","D",12.49398,104058
"253","B",212.39136,104094
"254","B",3.51,108288
"255","D",2.7711,109674
"256","A",2.25,116874
"257","A",0.882,116874
"258","D",83.26944,123156
"259","C",9006.60312,123912
"260","D",2.7,129546
"261","D",6.1893,130158
"262","B",13.8303,140904
"263","D",589.75614,154692
"264","D",22.65246,159534
"265","B",1.47834,177012
"266","D",1.53,183438
"267","B",4.464,189558
"268","D",202.03434,190638
"269","A",1.71,197334
"270","D",26.91792,197622
"271","D",5.20758,213336
"272","D",1.26,217350
"273","D",125.96508,221364
"274","D",2.25,228384
"275","D",12.05676,230094
"276","D",13.6512,237636
"277","D",6.6051,241452
"278","D",3026.68704,251946
"279","B",3.51,252288
"280","B",9,256554
"281","D",33.80904,265284
"282","D",663.02064,274806
"283","D",12.51,274806
"284","D",3.222,274806
"285","D",1451.0421,276012
"286","E",86.958,332946
"287","D",108.27,336276
"288","D",12.38652,337554
"289","D",71.0289,338022
"290","A",1220.56974,357390
"291","D",26.93682,370440
"292","D",9.45,376596
"293","D",529.53336,400932
"294","A",350.595,460944
"295","D",5.4,462078
"296","D",4.5,462078
"297","D",1.17,509382
"298","D",6.3,532476
"299","D",1.962,540342
"300","D",493.236,733446
"301","D",5.364,750600
"302","D",42.4467,873810
"303","D",3.15,1045512
"304","D",21.6,1365138
"305","D",30.366,1648818
"306","A",37.3275,1658538
"307","A",109.55358,1679976
"308","F",180,2182446
"309","F",10827.49194,48438
"310","C",4240.7334,4446
"311","D",83.5218,306
"312","B",2.16,450
"313","B",2.898,540
"314","D",0.4491,720
"315","D",20.73636,864
"316","D",42.9174,882
"317","B",2.691,900
"318","B",2.862,936
"319","B",0.882,936
"320","B",46.6425,1044
"321","B",83.58066,1260
"322","B",5.22,1260
"323","D",2.61,1260
"324","B",6.2982,1350
"325","B",4.5,1350
"326","B",35.802,1368
"327","B",4.23,1386
"328","D",18.4662,1404
"329","B",3.942,1440
"330","B",11.25,1458
"331","B",1.2591,1512
"332","B",1.26,1566
"333","B",1.8,1620
"334","B",60.66,1638
"335","B",22.4631,1656
"336","B",3.17826,1692
"337","F",204.8796,1710
"338","B",5.5314,1782
"339","D",55.242,1800
"340","B",8.226,1818
"341","B",1.422,1854
"342","B",20.448,1872
"343","B",10.962,1872
"344","B",9.6903,1872
"345","B",9.864,1962
"346","B",6.111,1962
"347","B",2.484,1962
"348","B",11.51478,1998
"349","B",7.164,2016
"350","B",12.582,2034
"351","B",9.882,2070
"352","D",3.8394,2070
"353","B",3.6,2070
"354","B",3.51,2070
"355","D",1305.5688,2088
"356","B",4.5,2142
"357","B",22.3335,2160
"358","B",4.05,2178
"359","B",2.98512,2250
"360","B",6.462,2304
"361","B",3.2391,2340
"362","B",49.356,2358
"363","B",1.242,2358
"364","B",3.042,2448
"365","B",6.156,2466
"366","B",0.8991,2538
"367","B",13.302,2592
"368","B",12.2148,2592
"369","B",2.8791,2592
"370","B",2.7,2592
"371","B",2.322,2664
"372","B",20.57724,2682
"373","B",4.5,2826
"374","B",11.1582,2898
"375","B",3.024,2898
"376","D",1.35,2898
"377","B",33.39,2934
"378","B",2.7522,3078
"379","B",2.52,3150
"380","B",2.3355,3186
"381","B",3.2976,3330
"382","B",3.2364,3510
"383","D",4.212,3528
"384","B",1.422,3546
"385","B",3.4056,3600
"386","B",11.34,3618
"387","B",15.39,3636
"388","B",5.85,3636
"389","B",1.8,3636
"390","B",10.53,3744
"391","B",3.564,3780
"392","B",2.43,3906
"393","B",0.6615,3942
"394","B",5.364,3978
"395","B",0.72,4140
"396","B",3.591,4158
"397","D",5.41782,4176
"398","D",2.7,4500
"399","B",1.791,4554
"400","B",5.2443,4590
"401","D",13.95,4662
"402","B",31.98222,4878
"403","D",6.444,4878
"404","B",1.9791,4932
"405","D",3.42,4950
"406","D",37.4193,5058
"407","D",11.376,5058
"408","D",1.4391,5184
"409","D",6.084,5454
"410","B",18.684,5724
"411","B",4.122,6102
"412","B",60.28074,6156
"413","B",45.342,6246
"414","B",32.3775,6588
"415","B",32.508,6696
"416","B",22.4235,7272
"417","B",36.10674,9018
"418","B",1058.55066,9234
"419","B",17.298,9270
"420","F",48.762,9468
"421","B",14.2344,10224
"422","D",34.68708,10332
"423","D",16.6203,10350
"424","D",9.81,11466
"425","B",31.995,11754
"426","D",9,12582
"427","D",2.66634,13050
"428","B",179.79588,13338
"429","D",12.15,13428
"430","D",8.91,14184
"431","D",4.14,14274
"432","D",4.86,14760
"433","D",0.9,14760
"434","C",322.3692,15534
"435","D",3.222,15912
"436","D",61.9398,15984
"437","D",9,16200
"438","D",3.42,16578
"439","D",7.2,16614
"440","D",2.07,16614
"441","D",2.682,17694
"442","D",3.96,18000
"443","D",1.35,18792
"444","C",127.88298,19620
"445","D",2.7,19998
"446","D",24.03846,20826
"447","D",1579.91328,21096
"448","D",14.913,21204
"449","D",12.06,22500
"450","D",35.4663,22554
"451","D",8.8524,22662
"452","A",14.96358,24858
"453","A",19.8315,25722
"454","D",1616.91786,25902
"455","A",2.682,26316
"456","B",0.9,26784
"457","D",0.9,26784
"458","D",1.944,30060
"459","B",4.644,32976
"460","D",32.94324,34812
"461","D",3.222,36774
"462","D",18,39852
"463","D",1637.16336,41508
"464","D",57.7116,42642
"465","D",1.728,45990
"466","D",1.7172,45990
"467","D",21.2364,46080
"468","D",4.482,46980
"469","D",2.16,47070
"470","D",1.53,47070
"471","D",1.242,47070
"472","E",3.6,48384
"473","D",25.65,51588
"474","D",1.4391,51588
"475","D",0.81,51588
"476","D",0.72,51588
"477","D",1.602,52200
"478","D",5.382,53082
"479","D",3.402,53082
"480","A",36,53208
"481","D",14.63238,53514
"482","D",28.8,54630
"483","D",126.8208,56214
"484","D",380.36484,57600
"485","B",8.946,60372
"486","D",35.64,61920
"487","D",9.846,61920
"488","D",2.16,61920
"489","D",6.642,62550
"490","D",277.81056,62838
"491","D",1.98,64224
"492","B",34.632,64494
"493","A",89.13492,65178
"494","D",44.31816,65736
"495","B",26.226,65970
"496","D",6.8931,65970
"497","D",22.0068,67302
"498","A",3.042,67302
"499","B",2.682,67320
"500","D",1154.34414,68058
"501","D",42.3855,69120
"502","D",3.231,70758
"503","D",2.961,72072
"504","D",3.51954,74358
"505","D",368.55522,76014
"506","A",4.5855,78408
"507","A",4.5855,78408
"508","A",4.5855,78408
"509","A",4.5,78408
"510","D",11.91204,78858
"511","D",4.05,79794
"512","A",2.142,80532
"513","D",224.8452,80622
"514","A",13.03704,85950
"515","D",665.58132,86256
"516","D",5.202,90810
"517","D",8.2368,92124
"518","E",2.7729,92232
"519","D",82.6857,92376
"520","D",2.7,93096
"521","D",4.536,93762
"522","F",22.9167,97524
"523","D",68.022,98460
"524","D",165.528,99756
"525","D",11.8197,100422
"526","D",109.944,102168
"527","D",38.25702,102924
"528","D",37.395,106758
"529","D",20.54718,107028
"530","D",2312.27802,108828
"531","D",462.24,109350
"532","A",8.1,116874
"533","A",5.85,116874
"534","A",3.51,116874
"535","D",3.375,118674
"536","D",2.7,137016
"537","D",12.6684,139302
"538","D",2.421,141336
"539","D",427.48902,141606
"540","D",7.01982,142542
"541","D",6.2217,143316
"542","D",61.49862,143568
"543","D",1583.46486,149310
"544","D",291.8718,153486
"545","D",10.575,154368
"546","D",17.00856,158580
"547","D",15.372,159480
"548","D",39.024,166284
"549","D",6.912,168012
"550","D",6.29874,185742
"551","B",7720.52328,186570
"552","D",12.19716,187344
"553","D",299.48436,190638
"554","B",79.76772,199026
"555","D",218.0403,207810
"556","D",356.4189,209628
"557","D",222.1983,214308
"558","D",803.37762,228690
"559","D",9,232740
"560","D",1.1394,233784
"561","D",15.3,247770
"562","D",11.07,260334
"563","D",8.01,274806
"564","D",11.394,281772
"565","D",156.70854,291402
"566","D",1.17,313596
"567","E",1630.29096,332946
"568","E",78.96132,332946
"569","D",635.09238,387936
"570","A",205.614,451422
"571","D",12.66894,466380
"572","D",26.208,506484
"573","D",129.7287,540846
"574","D",3268.01214,696312
"575","B",2.682,750600
"576","D",4.14108,1365138
"577","A",3800.92986,1035918
"578","C",2410.37784,3492
"579","F",100.08918,180
"580","B",3.582,288
"581","B",7.776,828
"582","B",1.62,900
"583","B",6.642,1062
"584","B",12.15,1098
"585","B",8.478,1260
"586","B",1.782,1260
"587","D",1.44,1260
"588","B",2.7891,1314
"589","B",3.3984,1332
"590","B",18.432,1350
"591","B",5.517,1368
"592","B",3.411,1404
"593","B",2.3382,1404
"594","B",10.8,1440
"595","B",8.7111,1440
"596","B",6.2496,1440
"597","B",1.62,1440
"598","D",36,1458
"599","B",2.16,1458
"600","B",0.7011,1458
"601","B",2.502,1494
"602","B",784.62432,1512
"603","B",1.17,1548
"604","B",2.6991,1566
"605","B",0.7191,1566
"606","B",20.376,1620
"607","B",3.564,1638
"608","B",5.382,1656
"609","B",3.042,1656
"610","B",2.0844,1656
"611","B",1.1745,1656
"612","B",1.0935,1656
"613","B",0.7191,1710
"614","B",23.418,1836
"615","D",2.862,1854
"616","B",1.35,1854
"617","B",6.03,1872
"618","B",2.3391,1926
"619","B",9.31644,1962
"620","B",3.564,1962
"621","B",2.79,1962
"622","B",3.6216,2016
"623","B",3.6,2052
"624","B",2.682,2052
"625","B",11.7,2070
"626","B",1.8,2070
"627","B",4.662,2160
"628","D",1.242,2214
"629","B",8.82,2250
"630","D",2.25,2250
"631","B",2.682,2268
"632","B",6.3,2358
"633","B",1.53,2376
"634","B",2.5182,2394
"635","D",2.322,2448
"636","B",8.991,2484
"637","B",5.742,2484
"638","B",31.824,2520
"639","B",6.03,2538
"640","B",2.997,2538
"641","B",2.7,2556
"642","B",2.682,2592
"643","B",0.9,2592
"644","B",1.4391,2646
"645","B",1.44,2754
"646","B",6.0255,2808
"647","B",9.3402,2826
"648","B",1.782,2826
"649","B",0.765,2826
"650","B",12.006,2844
"651","B",2.322,2844
"652","B",8.6391,2862
"653","B",18.36,2880
"654","B",8.1,2898
"655","D",90,3006
"656","D",2.2302,3006
"657","B",5.4,3150
"658","B",1.188,3276
"659","B",6.984,3366
"660","B",3.807,3366
"661","B",33.77394,3492
"662","B",3.564,3546
"663","D",10.1754,3564
"664","D",4.644,3600
"665","C",19.422,3618
"666","B",7.164,3636
"667","B",2.3391,3636
"668","B",2.1582,3636
"669","B",1.764,3744
"670","D",150.56298,3834
"671","D",2.7,3906
"672","B",40.77,3924
"673","B",7.2,3924
"674","D",3.6,3924
"675","B",31.3452,4122
"676","B",2.7,4140
"677","D",2.7,4212
"678","B",12.96234,4230
"679","B",1137.94704,4284
"680","D",25.34832,4500
"681","B",1.791,4554
"682","B",4.482,4644
"683","B",3.105,4680
"684","D",2.502,4680
"685","B",8.775,4698
"686","B",3.564,4860
"687","B",42.21,4986
"688","B",20.18232,5256
"689","B",9.09,5544
"690","C",7.4997,5670
"691","B",1.53,5724
"692","D",26.9595,5832
"693","F",6.66648,5976
"694","B",34.0389,6012
"695","B",1.8,6012
"696","B",22.5,6048
"697","B",18,6048
"698","B",17.28,6048
"699","B",4.122,6426
"700","D",15.96834,6714
"701","B",14.4,7326
"702","B",263.23884,8352
"703","C",5.742,8748
"704","C",90.86382,9216
"705","B",3.564,10980
"706","E",4.842,11952
"707","D",29.052,12042
"708","D",0.7191,12240
"709","D",0.66798,12348
"710","F",264.72672,12438
"711","D",7.47,13428
"712","D",2.466,13428
"713","B",71.41176,13518
"714","D",7.164,13680
"715","B",10.8,13734
"716","B",39.65634,15912
"717","F",56.6775,17604
"718","D",2.6145,18000
"719","D",2.43,18000
"720","D",29.68956,18810
"721","E",126.64296,19008
"722","B",7.758,19368
"723","D",2.34,19926
"724","D",6.3,20016
"725","B",2.5407,20124
"726","D",8.568,20322
"727","E",18,20808
"728","D",2.61,21060
"729","A",16.2,23850
"730","D",114.8535,24966
"731","D",1.728,25182
"732","D",16.236,25848
"733","D",1.44,26784
"734","E",7.326,27954
"735","A",8.982,28494
"736","D",2.502,29412
"737","D",2.862,29772
"738","D",116.3646,29844
"739","E",12.798,30240
"740","D",5.49,30240
"741","A",8.91,30852
"742","B",265.73976,31284
"743","B",20.80422,31410
"744","D",407.71098,32706
"745","B",51.06078,33228
"746","D",5.08374,33930
"747","D",482.544,34506
"748","D",89.54766,34848
"749","D",223.41708,35352
"750","A",0.9,35694
"751","B",1302.24402,38934
"752","F",135.91098,39006
"753","C",75.82284,39726
"754","D",1.7802,40770
"755","D",31.302,40968
"756","D",897.46272,41274
"757","D",38.13534,42354
"758","A",3.0555,42786
"759","D",993.9159,44082
"760","E",234.0936,46062
"761","D",1.764,47070
"762","B",188.89434,49122
"763","A",30.37194,54936
"764","A",7.6833,54936
"765","B",26.62146,55062
"766","C",30.4488,55548
"767","C",16.67178,56520
"768","D",640.926,57438
"769","D",5.60484,57762
"770","D",4.73364,58770
"771","B",1.71,58806
"772","D",9,61920
"773","D",16.956,62370
"774","A",3.582,63360
"775","D",44.73,64710
"776","D",233.77662,65826
"777","D",90,65844
"778","D",1.35,67320
"779","D",2.16,70758
"780","D",151.70886,74052
"781","F",32.46534,75906
"782","D",2.1591,75924
"783","A",4.5765,78408
"784","D",5.328,78804
"785","D",3.5955,80172
"786","D",18,86058
"787","D",2.07,86436
"788","D",4.122,88344
"789","D",1.26,88344
"790","B",21.6,88542
"791","D",5.562,93096
"792","D",90,93708
"793","E",18,95364
"794","B",6.5727,102042
"795","A",34.55082,104058
"796","A",15.94188,106092
"797","A",2.5686,114894
"798","A",12.582,116874
"799","A",3.6,116874
"800","D",8.442,118962
"801","D",18.387,119898
"802","A",2.646,121302
"803","D",87.98256,128646
"804","A",2.39004,129798
"805","D",15.444,130500
"806","D",61.308,133020
"807","D",30.91518,133020
"808","D",3.6,133020
"809","B",182.9979,139986
"810","D",1189.39734,142542
"811","D",25.74,143316
"812","F",1.09908,149274
"813","F",377.6247,170604
"814","F",13.1265,172638
"815","D",11.6532,182340
"816","D",325.58202,189558
"817","B",6.51942,193680
"818","D",25.5726,217350
"819","D",17.766,223362
"820","A",2.16,245610
"821","D",12.69,256950
"822","A",43.84386,270990
"823","D",4.482,274806
"824","E",43.40664,275220
"825","D",15.345,275814
"826","D",10.08,281772
"827","A",251.9784,306486
"828","A",57.03984,318168
"829","D",132.32196,340506
"830","A",3.78,357390
"831","F",109.55016,375246
"832","A",3.159,379638
"833","D",2.34,404154
"834","D",1.782,404154
"835","A",81.24606,429894
"836","D",2.07,462258
"837","D",8.505,519516
"838","D",2.16,540342
"839","D",0.7407,588456
"840","D",38.36448,589248
"841","A",73.03824,679068
"842","D",2.2869,732024
"843","E",1319.904,841716
"844","A",1426.03614,868608
"845","D",0.87048,873810
"846","D",9.22104,1365138
"847","B",58.98132,1658538
"848","D",14167.8882,14220
"849","C",5150.466,10278
"850","B",3.051,558
"851","C",5.70618,666
"852","D",520.8633,720
"853","B",2.79,828
"854","F",37.8585,846
"855","B",1.242,1026
"856","D",11.61,1044
"857","B",5.382,1098
"858","B",17.1,1134
"859","B",1.8,1206
"860","B",2.8773,1260
"861","B",5.184,1314
"862","B",6.462,1332
"863","D",5.2191,1368
"864","B",1.44,1368
"865","B",3.3651,1422
"866","B",12.0735,1440
"867","B",2.5551,1458
"868","B",5.85,1530
"869","E",12.042,1566
"870","B",1.7973,1566
"871","B",12.402,1602
"872","B",9.684,1656
"873","B",6.642,1656
"874","B",2.385,1656
"875","F",876.3534,1674
"876","B",18,1692
"877","B",8.082,1836
"878","B",6.93,1854
"879","B",4.842,1872
"880","B",3.042,1872
"881","B",0.72,1908
"882","B",2.682,1962
"883","B",50.7321,1980
"884","B",19.62,1980
"885","B",16.0173,1980
"886","B",6.102,2016
"887","B",11.817,2070
"888","B",6.5331,2070
"889","B",3.681,2070
"890","B",1.71,2070
"891","B",1.782,2106
"892","B",18,2160
"893","B",9.62334,2160
"894","D",4.5261,2160
"895","B",18.036,2178
"896","B",1.062,2268
"897","B",12.492,2286
"898","B",3.357,2286
"899","B",2.682,2322
"900","B",12.924,2340
"901","B",18,2358
"902","B",9.8982,2394
"903","B",13.59,2484
"904","B",2.7,2556
"905","B",4.896,2610
"906","D",43.7742,2664
"907","B",11.475,2718
"908","B",1.62,2718
"909","B",8.505,2826
"910","C",7.03458,2826
"911","B",4.6791,2826
"912","B",8.244,2844
"913","B",2.502,2844
"914","B",18,2898
"915","B",15.39,2934
"916","D",3.33,2934
"917","B",2.8791,2934
"918","B",11.90988,3006
"919","B",3.222,3024
"920","B",8.28,3096
"921","B",1.17,3096
"922","B",2.6442,3114
"923","D",1.71,3186
"924","B",1.872,3204
"925","B",10.998,3222
"926","B",1.242,3600
"927","B",27,3636
"928","B",85.977,3744
"929","C",14.14584,3816
"930","D",5.9922,3906
"931","C",118.341,3978
"932","D",332.69634,4050
"933","D",31.79556,4140
"934","B",18,4302
"935","B",45.88344,4464
"936","B",3.582,4464
"937","D",1.242,4500
"938","D",45,5022
"939","D",1.89,5040
"940","D",1.2591,5400
"941","B",2085.33168,5490
"942","B",12.24,5598
"943","D",4.9221,5598
"944","D",70.1568,5814
"945","D",5.4,5814
"946","B",934.77276,6156
"947","B",50.70384,6174
"948","E",400.81914,6246
"949","C",173.65392,6246
"950","B",45,6246
"951","B",10.782,6300
"952","B",8.88444,6300
"953","D",9,6624
"954","B",4.167,6804
"955","B",2.7,6894
"956","B",9.20034,7398
"957","D",2.862,7524
"958","D",6.3387,7668
"959","E",984.11472,7830
"960","C",1672.82496,8640
"961","D",4.96116,9306
"962","B",94.95,9774
"963","B",16.164,10980
"964","B",93.8007,11106
"965","D",1.0782,11124
"966","C",45,11394
"967","E",18,11394
"968","D",2.502,11520
"969","E",2.1582,11952
"970","B",53.802,12438
"971","D",2.7369,12582
"972","D",22.86,13032
"973","D",1.8,13428
"974","D",2.862,13680
"975","C",213.417,14058
"976","D",5.0337,14364
"977","E",46.512,14670
"978","E",1.17,14814
"979","A",12.474,15030
"980","D",22.8492,15192
"981","D",1.4391,15282
"982","D",5.6457,15462
"983","D",1.0782,15768
"984","D",83.72754,16074
"985","D",18,16506
"986","D",1.7991,18000
"987","D",8.262,18792
"988","D",2.7,18792
"989","D",28.63566,19980
"990","A",5.92146,20718
"991","D",14.5791,24858
"992","D",1.0791,25182
"993","D",164.583,25848
"994","A",3.6,27918
"995","D",15853.284,28278
"996","D",90,28476
"997","D",6.642,30186
"998","D",2.7,30240
"999","D",2.25,30240
"1000","C",487.95012,30330
"1001","D",345.7521,30690
"1002","F",60.84216,31284
"1003","F",39.0492,31644
"1004","C",128.84922,32922
"1005","D",1.98,34884
"1006","D",5.80878,40050
"1007","D",45,42354
"1008","A",3.5955,42786
"1009","D",3.204,45990
"1010","D",18,46080
"1011","D",3.2391,46080
"1012","D",3.6,47070
"1013","D",1.8,47844
"1014","D",5.85,48438
"1015","D",88.03242,49842
"1016","A",4.5,50688
"1017","D",13.05,51588
"1018","D",0.702,51588
"1019","D",18,52128
"1020","A",4.58964,54936
"1021","A",37.68804,55080
"1022","D",21.72312,55818
"1023","D",39.384,57438
"1024","A",18,59526
"1025","A",4.71636,59526
"1026","B",6.8949,60228
"1027","B",45,60264
"1028","B",11.98458,60264
"1029","D",151.43022,61920
"1030","D",7.2,62280
"1031","D",1.17,63072
"1032","D",0.702,63072
"1033","D",394.58934,63540
"1034","A",5.81634,65394
"1035","A",7.2,70758
"1036","A",3.6,70758
"1037","D",0.8982,71406
"1038","D",1.2582,76626
"1039","B",36.702,77688
"1040","A",18.98208,79668
"1041","C",3.07944,84546
"1042","D",1.0791,88344
"1043","A",319.79214,89028
"1044","D",24.79896,90450
"1045","D",66.64518,93096
"1046","D",1426.59072,96696
"1047","D",27,96696
"1048","D",3.33,98370
"1049","D",275.24484,99558
"1050","D",12.79584,99558
"1051","D",3.582,105354
"1052","D",64.97622,106038
"1053","A",4.66362,106092
"1054","A",15.55884,110826
"1055","A",8.802,110826
"1056","A",354.4038,116874
"1057","D",15.3,117000
"1058","B",126.04284,117180
"1059","D",2.85534,119106
"1060","A",6.02784,120114
"1061","D",18,120834
"1062","A",8.1,121302
"1063","D",229.90554,125892
"1064","D",18,130500
"1065","D",78.24636,143316
"1066","A",30.74184,143784
"1067","A",16.8777,143784
"1068","D",10.75284,165510
"1069","C",243.3978,168336
"1070","D",363.89898,188226
"1071","D",1.422,189846
"1072","F",314.2998,196506
"1073","D",50.12568,200880
"1074","D",12.132,204048
"1075","F",898.67016,213948
"1076","D",15.228,217260
"1077","D",4909.20534,223524
"1078","A",55.5624,234342
"1079","D",13.842,250434
"1080","E",51.2829,255996
"1081","D",673.80012,260334
"1082","F",3249.702,266346
"1083","D",4.5,291510
"1084","D",88.65846,309420
"1085","D",96.68898,318528
"1086","D",207.6921,337752
"1087","F",336.969,343458
"1088","D",131.42934,351018
"1089","A",2707.1496,363276
"1090","D",111.5685,372132
"1091","D",599.35032,376596
"1092","A",16.9704,379638
"1093","A",140.30334,399654
"1094","E",231.89976,451764
"1095","D",18,463554
"1096","E",90,482850
"1097","D",3.6,519516
"1098","D",45.936,532476
"1099","D",2.43,540342
"1100","D",22.5,541152
"1101","D",355.77954,560124
"1102","B",71.703,562896
"1103","A",293.5971,653292
"1104","A",74.04498,717300
"1105","D",5.4,750600
"1106","A",141.0561,787626
"1107","A",51.20244,787626
"1108","F",6910.96608,1014570
"1109","A",1157.35104,1658538
"1110","A",63.45,1693404
"1111","D",45656.52138,130878
"1112","E",2798.7705,98334
"1113","B",1.8,270
"1114","B",14.526,576
"1115","B",2.5191,684
"1116","B",2.7,792
"1117","B",4.05,828
"1118","B",32.1129,900
"1119","B",3.06,900
"1120","B",2.331,900
"1121","B",4.13892,936
"1122","F",53.334,990
"1123","B",7.632,990
"1124","D",2.322,1026
"1125","B",2.1591,1026
"1126","B",2.09394,1026
"1127","B",1.08,1026
"1128","B",2.682,1044
"1129","B",24.93,1080
"1130","B",7.2,1098
"1131","B",29.4057,1260
"1132","B",3.456,1260
"1133","B",1.764,1260
"1134","B",10.2222,1314
"1135","B",19.98684,1332
"1136","B",19.656,1350
"1137","B",1.611,1350
"1138","B",4.482,1368
"1139","F",76.89132,1440
"1140","B",8.6382,1440
"1141","B",1.8,1440
"1142","B",3.15,1458
"1143","B",4.46544,1512
"1144","B",2.4255,1512
"1145","B",0.153,1512
"1146","B",13.5,1566
"1147","B",7.2,1602
"1148","B",0.8991,1602
"1149","B",2.3391,1656
"1150","B",2.7,1764
"1151","B",0.9,1764
"1152","B",3.222,1782
"1153","B",2.1582,1782
"1154","B",86.9886,1800
"1155","B",5.22,1800
"1156","B",2.3391,1800
"1157","B",2.52,1854
"1158","B",3.402,1872
"1159","B",1.8,1890
"1160","D",24.32142,1908
"1161","B",36,1962
"1162","B",9.9,1962
"1163","B",1.764,1962
"1164","B",36,1980
"1165","B",6.21,1998
"1166","B",3.6,1998
"1167","B",24.8544,2070
"1168","B",2.1591,2070
"1169","D",307.61136,2250
"1170","B",4.0221,2250
"1171","B",2.5191,2358
"1172","B",10.764,2448
"1173","B",8.3394,2448
"1174","B",1.962,2556
"1175","B",8.622,2664
"1176","D",8.406,2664
"1177","B",4.482,2664
"1178","B",8.964,2754
"1179","B",3.042,2772
"1180","B",18,2826
"1181","B",322.6509,2844
"1182","B",2.88,2844
"1183","B",1.0395,2880
"1184","B",1.782,3114
"1185","B",45.3672,3258
"1186","B",1.035,3276
"1187","C",1.95642,3294
"1188","D",31.84884,3456
"1189","B",21.7044,3546
"1190","C",62.15688,3816
"1191","C",21.2787,3816
"1192","C",10.36944,3816
"1193","B",6.45534,3924
"1194","A",6.2982,3924
"1195","B",18,4140
"1196","B",5.535,4302
"1197","B",1.43946,4500
"1198","B",12.0249,4950
"1199","B",69.6996,5328
"1200","B",1.62,5328
"1201","D",33.8517,5400
"1202","B",3.582,5454
"1203","D",77.1822,5508
"1204","B",1.8,5544
"1205","B",17.52066,5598
"1206","B",5.022,5724
"1207","D",9.9,5814
"1208","B",5.31,6048
"1209","B",46.01322,6462
"1210","B",12.402,6498
"1211","E",0.648,7416
"1212","B",72,7578
"1213","B",253.77768,7668
"1214","B",130.8744,8046
"1215","D",2004.57666,8100
"1216","B",18.6678,8154
"1217","B",7.5105,9486
"1218","D",22.032,9738
"1219","B",80.41914,9900
"1220","B",122.48964,11214
"1221","D",2.7,11322
"1222","B",13.25214,11484
"1223","C",58.3011,12204
"1224","D",12.15,12366
"1225","D",4.617,12492
"1226","D",6.75,12654
"1227","D",22.7871,12690
"1228","D",31.38822,13410
"1229","E",183.21084,13950
"1230","B",60.45804,14382
"1231","D",1.8,14760
"1232","E",9.9558,14814
"1233","A",18,14922
"1234","E",146.33208,15192
"1235","D",21.1041,15750
"1236","B",37.233,16686
"1237","F",5.3721,18360
"1238","C",27.2898,19170
"1239","C",6812.99856,19404
"1240","D",36,19548
"1241","B",5.382,19998
"1242","D",2.862,19998
"1243","B",29.0232,20124
"1244","D",8.964,20250
"1245","C",1962.65016,20646
"1246","B",23.382,21834
"1247","D",14.4,22122
"1248","D",3.6,25182
"1249","B",13.7475,26244
"1250","B",29.41272,26316
"1251","A",26.145,26316
"1252","D",310.64112,27648
"1253","E",21.6,27954
"1254","B",3.042,27954
"1255","D",16.821,28116
"1256","B",54.37188,28638
"1257","F",217.2375,28800
"1258","A",4.482,28890
"1259","D",2.862,29412
"1260","D",6.102,29772
"1261","D",12.978,29844
"1262","D",9.45,29844
"1263","D",2.52,29844
"1264","D",2.16,29844
"1265","C",1149.66,32166
"1266","C",18,32454
"1267","D",10.152,32598
"1268","A",72,33678
"1269","D",9.41184,33786
"1270","D",0.405,35712
"1271","D",15.55218,37836
"1272","C",54,38232
"1273","F",202.437,38700
"1274","D",10.58418,39690
"1275","D",3.96,40914
"1276","B",101.2455,45108
"1277","D",0.8037,45990
"1278","B",18,46080
"1279","E",2.322,47016
"1280","D",3.96,47070
"1281","A",4.356,47088
"1282","A",19.25712,49896
"1283","A",5.85,49896
"1284","B",6.57,51588
"1285","B",5.85,51588
"1286","B",1.422,51588
"1287","D",557.29206,53622
"1288","D",6.525,54774
"1289","B",22.851,55062
"1290","D",7.74,55548
"1291","B",18,55566
"1292","D",24.41196,57204
"1293","D",44.05464,57510
"1294","D",4.86,59742
"1295","D",27.477,60372
"1296","A",39.9663,60390
"1297","D",20.69784,61920
"1298","D",7.70598,62280
"1299","A",59.742,63360
"1300","D",36,67032
"1301","D",0.765,70758
"1302","D",107.50068,72594
"1303","D",0.72,76626
"1304","D",45.6795,78642
"1305","A",5.31,78642
"1306","D",36,78804
"1307","D",2630.85606,79254
"1308","E",1.6191,81540
"1309","D",18,82026
"1310","D",108,83898
"1311","D",108,84240
"1312","A",64.06218,84474
"1313","D",12.60018,85374
"1314","D",1.6191,90954
"1315","E",29444.65542,91278
"1316","D",11.07846,93762
"1317","D",2.7,96048
"1318","D",18,96984
"1319","D",5.94,97002
"1320","D",2.7,97938
"1321","A",156.76002,106632
"1322","D",5.0391,109674
"1323","D",54.3519,112464
"1324","D",64.746,117144
"1325","B",8.3592,121482
"1326","B",96.99264,121752
"1327","D",91.161,125586
"1328","D",9551.7027,126144
"1329","D",8.91,133020
"1330","D",4.95,133884
"1331","D",42.59466,136278
"1332","D",18,141210
"1333","D",334.31634,148176
"1334","A",32.4918,149400
"1335","D",10.3635,155052
"1336","D",177.9606,155340
"1337","D",0.9,159804
"1338","D",18,163476
"1339","D",33.28074,170658
"1340","D",2700,190098
"1341","D",6.75,192942
"1342","D",129.4758,194076
"1343","D",113.1264,200718
"1344","B",51.59376,202032
"1345","D",20.4696,205776
"1346","D",15.8625,207378
"1347","D",13.7475,207378
"1348","A",22.16952,214722
"1349","B",72,214848
"1350","D",6.453,228312
"1351","A",28.8909,228456
"1352","D",30.61062,232740
"1353","D",34.75332,235062
"1354","D",15.0588,236556
"1355","A",27.11538,245610
"1356","D",36,253134
"1357","A",6.53634,258030
"1358","A",17.5545,258930
"1359","C",3.81888,263862
"1360","B",31.24638,263916
"1361","D",2.97,274806
"1362","D",38.57418,281772
"1363","D",18,311850
"1364","D",39.55572,313596
"1365","A",209.30454,357210
"1366","B",41.7762,383922
"1367","D",36,392454
"1368","F",99.117,404154
"1369","D",2.88,404154
"1370","B",3.744,421650
"1371","A",8.46378,435168
"1372","D",351.61578,441342
"1373","D",5.4,462078
"1374","D",3.528,462078
"1375","A",685.4436,489834
"1376","A",30.14496,566514
"1377","D",2.4948,569376
"1378","D",314.93484,589248
"1379","F",12075.2802,636642
"1380","D",2.511,750600
"1381","A",49.545,775674
"1382","F",193.302,862650
"1383","D",72,982116
"1384","D",1.746,1365138
"1385","D",86.7744,1396620
"1386","E",21.3894,1559574
"1387","B",10.4211,522
"1388","B",0.75618,720
"1389","B",12.04434,936
"1390","D",5.724,936
"1391","B",2.6793,936
"1392","C",18,1026
"1393","B",3.942,1242
"1394","B",7.614,1278
"1395","B",3.6,1350
"1396","B",1.6191,1440
"1397","B",38.6802,1458
"1398","B",0.711,1512
"1399","B",1.6191,1566
"1400","B",7.164,1656
"1401","B",2.682,1710
"1402","B",2.682,1746
"1403","E",18,1764
"1404","B",8.361,1782
"1405","B",18,1836
"1406","B",14.661,1962
"1407","B",6.561,2070
"1408","B",4.8222,2070
"1409","D",1.08,2160
"1410","B",22.2372,2250
"1411","B",18,2286
"1412","B",11.88,2376
"1413","B",18,2394
"1414","B",1.6191,2448
"1415","B",9,2538
"1416","B",1.0935,2628
"1417","B",1.4391,2646
"1418","D",0.675,2682
"1419","B",17.7723,2880
"1420","B",9,2916
"1421","B",2.6802,3096
"1422","B",5.04,3114
"1423","B",24.7779,3726
"1424","B",18,3762
"1425","B",9.23022,3762
"1426","C",90.23256,3816
"1427","C",57.9672,4302
"1428","D",97.29738,4554
"1429","B",1.98,5022
"1430","B",20.961,5256
"1431","D",8.28,5400
"1432","B",45.74754,5598
"1433","B",19.89864,5724
"1434","B",4.482,6228
"1435","B",290.63448,6354
"1436","B",1445.48586,7398
"1437","D",13.2372,7632
"1438","B",141.50052,7722
"1439","D",9,9198
"1440","B",60.58206,9612
"1441","B",2.52,9864
"1442","C",19.95318,11196
"1443","D",5.2182,11286
"1444","B",25.938,11358
"1445","C",6437.19654,11664
"1446","B",90,11880
"1447","D",3.0924,12654
"1448","D",30.71934,13050
"1449","A",13.23,14436
"1450","E",13.311,14814
"1451","D",2.151,15282
"1452","B",9,15768
"1453","B",33.1434,15966
"1454","F",3.5208,16038
"1455","E",30.46446,18864
"1456","D",51.1434,19998
"1457","D",1.602,21672
"1458","A",10.485,26316
"1459","D",54,26370
"1460","A",9,27918
"1461","D",290.92284,29466
"1462","D",4.2282,30150
"1463","D",9.684,30240
"1464","D",56.71872,31284
"1465","D",63.86958,37080
"1466","D",6.165,37944
"1467","D",24.534,38520
"1468","D",5.4,40500
"1469","D",45,46854
"1470","D",1.8,47070
"1471","B",4.842,48438
"1472","D",90,48492
"1473","D",50.994,48636
"1474","D",91.026,49626
"1475","D",104.7519,50400
"1476","D",12.5955,59454
"1477","B",5.85,61920
"1478","A",46.962,63360
"1479","D",9.531,66960
"1480","D",1.7685,70758
"1481","D",308.1699,71820
"1482","D",1460.54574,72360
"1483","D",45.1476,72648
"1484","A",4.32,78408
"1485","A",1.0791,78408
"1486","D",28.35018,82746
"1487","D",3.15,90576
"1488","E",69.95394,92232
"1489","D",2.88,96714
"1490","D",10.8,99756
"1491","D",27,101700
"1492","A",90,104058
"1493","A",14.346,106092
"1494","A",8.56584,106632
"1495","B",2724.8193,107586
"1496","A",616.1085,109368
"1497","D",2.8791,109674
"1498","D",189.98262,112842
"1499","A",18,116874
"1500","A",3.222,116874
"1501","A",1.962,121302
"1502","D",1440,131562
"1503","B",295.93818,136458
"1504","B",109.19322,138852
"1505","D",1774.26648,139302
"1506","D",598.76838,144054
"1507","D",6.0903,154692
"1508","D",463.34682,156924
"1509","A",10.404,162990
"1510","D",22.7934,166284
"1511","D",18.8091,175374
"1512","B",18,177786
"1513","D",2700,180594
"1514","A",180,180630
"1515","D",15.921,181062
"1516","D",13.7475,181062
"1517","D",18.2313,182880
"1518","D",9,185490
"1519","B",180,192636
"1520","A",181.035,195804
"1521","D",3600,195912
"1522","B",82.2186,201186
"1523","D",90,231966
"1524","B",72,232740
"1525","A",236.9385,234342
"1526","D",63.1548,235980
"1527","D",142.73334,255384
"1528","D",748.84986,263448
"1529","D",7.2,268884
"1530","B",3.402,274806
"1531","D",3.222,274806
"1532","D",2.691,291888
"1533","D",27,300024
"1534","D",18,312984
"1535","B",184.03758,351018
"1536","A",2089.25262,398736
"1537","D",1.8,419652
"1538","A",36,443448
"1539","D",2.7,462078
"1540","A",64.48032,501102
"1541","A",9,501102
"1542","E",3605.9598,546498
"1543","A",14.2452,556992
"1544","E",69.6825,562302
"1545","E",16.69788,562302
"1546","D",3.7971,588456
"1547","A",80.6634,622638
"1548","D",8.64,750600
"1549","A",4.3182,791226
"1550","D",58.15458,1365138
"1551","D",9,1396620
"1552","D",8588.754,1648818
"1553","B",11.16,1836
"1554","B",4.67838,6138
"1555","D",78.56406,982116
"1556","D",251.94816,2070
"1557","B",3.0375,2142
"1558","B",9.07254,12888
"1559","D",45.9279,44640
"1560","D",5.022,8550
"1561","B",1.602,5364
"1562","D",25.56,69156
"1563","B",1.809,2826
"1564","B",4.122,2790
"1565","B",14.022,2070
"1566","B",1.2798,6768
"1567","B",3.978,2466
"1568","D",3.402,53748
"1569","B",3.582,4302
"1570","D",33.822,882
"1571","F",69.02208,1014570
"1572","B",2.7,1476
"1573","D",100.863,19548
"1574","E",180.95112,14670
"1575","D",18.53982,131940
"1576","B",6.102,2232
"1577","E",1544.90382,67860
"1578","D",2.86668,400140
"1579","C",16.17822,53388
"1580","D",1.44,873810
"1581","D",2.12544,86238
"1582","C",22.5,48510
"1583","D",4.5126,20052
"1584","D",0.27,51588
"1585","D",26.6166,666414
"1586","A",41.2137,1014570
"1587","D",1.395,76806
"1588","A",3.582,47088
"1589","D",0.54,26784
"1590","B",0.81,3600
"1591","B",2.5902,3096
"1592","B",2.30112,1584
"1593","D",0.54,108288
"1594","D",2.142,1400796
"1595","B",1.782,522
"1596","A",472.74732,211536
"1597","D",31.896,5022
"1598","A",96.6033,223416
"1599","B",13.95,1242
"1600","A",0.9531,33678
"1601","A",2.7,48384
"1602","B",7.20954,4788
"1603","D",2.502,404154
"1604","B",1.242,1026
"1605","D",1.242,540342
"1606","B",3.762,4608
"1607","D",4.932,15534
"1608","E",17.406,6228
"1609","D",165.66804,173628
"1610","B",8.406,1566
"1611","B",2.682,2196
"1612","D",0.3051,10332
"1613","D",0.8991,20862
"1614","B",3.402,3078
"1615","B",0.945,2034
"1616","B",18.9,2178
"1617","B",1.7991,1026
"1618","D",393.88842,154692
"1619","B",1.4382,2826
"1620","D",2.43,55548
"1621","D",3.15,20862
"1622","B",2.16,2664
"1623","B",7.7031,2070
"1624","B",10.665,5184
"1625","D",9723.62304,128232
"1626","B",4.05,2358
"1627","B",2.682,1494
"1628","D",42.03486,38340
"1629","D",27,243432
"1630","D",2.88,64710
"1631","B",7.002,414
"1632","D",2.25,18000
"1633","B",3.51,1368
"1634","B",325.8,1836
"1635","B",2406.94146,164772
"1636","D",73.3644,224640
"1637","D",7.7274,30240
"1638","B",7.146,2196
"1639","B",8.55432,1764
"1640","B",1.6191,2070
"1641","D",4.8591,109674
"1642","B",6.84,1836
"1643","D",5.391,61920
"1644","A",14.9904,775674
"1645","B",6.6717,918
"1646","D",317.13282,24408
"1647","D",23.382,20520
"1648","D",23.97384,389610
"1649","B",1.8,1656
"1650","B",39.4605,319086
"1651","D",35.10756,62910
"1652","B",1.35,2700
"1653","D",3.6,1400796
"1654","D",827.95374,6624
"1655","B",3.2355,1548
"1656","E",1631.99862,332946
"1657","A",2.682,426078
"1658","B",0.63,954
"1659","D",2.304,45990
"1660","D",2.7,462078
"1661","D",1.44,18630
"1662","D",8.469,522
"1663","D",4.482,3384
"1664","D",4647.26736,291510
"1665","D",5.877,58770
"1666","B",3.9591,2160
"1667","D",6.21,27342
"1668","B",24.75468,3564
"1669","A",35.3952,32652
"1670","D",1.782,61920
"1671","B",1.4382,1746
"1672","D",2.034,15282
"1673","D",6.75,45108
"1674","D",7.11,1400796
"1675","D",9.81,756
"1676","B",3.042,1476
"1677","B",8.1,3006
"1678","B",4.6683,193680
"1679","D",33.588,78858
"1680","B",3.564,702
"1681","D",118.68624,476622
"1682","D",28.71,30240
"1683","B",2.74482,2610
"1684","D",35.83926,114390
"1685","B",8.55,1044
"1686","D",1.35,2466
"1687","D",26.154,1365138
"1688","D",0.45,4266
"1689","A",293.0121,197334
"1690","D",1.35,1800
"1691","D",1.6191,135072
"1692","B",1.602,2988
"1693","D",1.08,26784
"1694","B",0.8991,1170
"1695","D",2.34,1365138
"1696","D",5.1705,873810
"1697","D",11.88,4428
"1698","A",3.6,367038
"1699","D",1349.19954,244530
"1700","D",32.778,750600
"1701","D",0.3042,233406
"1702","A",2.0511,47088
"1703","B",4.482,4050
"1704","D",17.6823,666414
"1705","D",15.372,47844
"1706","D",17.85564,316854
"1707","C",77.33088,23436
"1708","B",398.67408,11052
"1709","B",29.7,2934
"1710","D",0.9,2250
"1711","B",19.908,1872
"1712","D",3.186,45990
"1713","A",1.8,13914
"1714","D",2.61,274806
"1715","B",10.13166,2052
"1716","C",91.47186,15012
"1717","B",3.222,1566
"1718","E",48930.43842,275220
"1719","A",190541.69784,657828
"1720","A",899.49168,657828
"1721","D",1.0782,576
"1722","B",14.04,1458
"1723","D",7511.76234,31284
"1724","B",5.4,1566
"1725","D",1.377,9612
"1726","B",1.764,612
"1727","D",195.426,791640
"1728","B",61.983,20556
"1729","D",8.244,4770
"1730","B",3.0798,2898
"1731","B",63.18,1872
"1732","B",1.2582,1026
"1733","B",1.1421,1026
"1734","B",15.38694,3240
"1735","D",2.835,38304
"1736","B",7.5825,3294
"1737","D",10.62936,18522
"1738","A",15.669,34020
"1739","D",79.2,19170
"1740","D",1.17,404154
"1741","D",2.7729,131994
"1742","D",5.22,532476
"1743","D",6.13728,109656
"1744","D",3.78,5922
"1745","B",1.602,522
"1746","B",2.502,2880
"1747","D",24.3,133020
"1748","B",1.8549,1548
"1749","B",1.242,1314
"1750","B",49.83768,14274
"1751","D",1.17,14274
"1752","B",16.47,1440
"1753","B",3.924,1332
"1754","D",40.6278,177426
"1755","D",15.9975,72648
"1756","B",5.31,1098
"1757","D",2.16,732024
"1758","B",4.662,1314
"1759","B",2.862,3330
"1760","D",1.602,2160
"1761","D",1.44,14040
"1762","B",21.33,13590
"1763","E",192.03174,332946
"1764","A",117.423,237708
"1765","A",42.804,45576
"1766","D",3.906,92736
"1767","D",5.3325,155358
"1768","B",0.81,774
"1769","D",3.564,47844
"1770","B",5.76,1566
"1771","D",230.9787,192942
"1772","D",1.539,40752
"1773","D",1.4382,7956
"1774","B",4.3236,1944
"1775","D",51.516,96264
"1776","D",136.0575,73620
"1777","D",5.06862,18738
"1778","D",4.491,774
"1779","D",561.57084,451026
"1780","D",21.006,35712
"1781","F",15.7671,33804
"1782","B",1.7415,2268
"1783","B",2.23974,2754
"1784","B",78.79014,343458
"1785","D",13.5,22518
"1786","D",4.842,46980
"1787","D",137.39994,221778
"1788","B",6.14016,972
"1789","A",2.682,54000
"1790","B",8.5887,3582
"1791","B",1.2582,828
"1792","B",5.4315,3240
"1793","D",45,4050
"1794","D",35.2647,227448
"1795","D",2.16,8352
"1796","F",1307.466,119196
"1797","B",103.05324,4788
"1798","B",133.11,122310
"1799","E",1682.70318,10998
"1800","D",9.5985,61920
"1801","A",3.6261,78408
"1802","D",3.582,14274
"1803","F",112.104,101718
"1804","F",34.41456,23130
"1805","D",218.22516,208710
"1806","B",3.42,2358
"1807","D",495.1314,84816
"1808","D",6.13242,23850
"1809","B",2.295,1062
"1810","D",30.3021,861804
"1811","D",57.99366,101988
"1812","B",3.3282,1440
"1813","D",4.7538,11340
"1814","D",10.485,61920
"1815","D",271.278,381420
"1816","B",11.52,2970
"1817","B",30.64014,9180
"1818","D",253.36944,7254
"1819","E",2.556,8334
"1820","D",26.61264,92988
"1821","D",11.106,126144
"1822","C",0.9,22716
"1823","D",13.77594,6174
