"","CityCode"
"0",110001
"1",110002
"2",110003
"3",110004
"4",110005
"5",110006
"6",110007
"7",110008
"8",110009
"9",110010
"10",110011
"11",110012
"12",110013
"13",110014
"14",110015
"15",110018
"16",110020
"17",110025
"18",110026
"19",110028
"20",110029
"21",110030
"22",110032
"23",110033
"24",110034
"25",110037
"26",110040
"27",110045
"28",110050
"29",110060
"30",110070
"31",110080
"32",110090
"33",110092
"34",110094
"35",110100
"36",110110
"37",110120
"38",110130
"39",110140
"40",110143
"41",110145
"42",110146
"43",110147
"44",110148
"45",110149
"46",110150
"47",110155
"48",110160
"49",110170
"50",110175
"51",110180
"52",120001
"53",120005
"54",120010
"55",120013
"56",120017
"57",120020
"58",120025
"59",120030
"60",120032
"61",120033
"62",120034
"63",120035
"64",120038
"65",120039
"66",120040
"67",120042
"68",120043
"69",120045
"70",120050
"71",120060
"72",120070
"73",120080
"74",130002
"75",130006
"76",130008
"77",130010
"78",130014
"79",130020
"80",130030
"81",130040
"82",130050
"83",130060
"84",130063
"85",130068
"86",130070
"87",130080
"88",130083
"89",130090
"90",130100
"91",130110
"92",130115
"93",130120
"94",130130
"95",130140
"96",130150
"97",130160
"98",130165
"99",130170
"100",130180
"101",130185
"102",130190
"103",130195
"104",130200
"105",130210
"106",130220
"107",130230
"108",130240
"109",130250
"110",130255
"111",130260
"112",130270
"113",130280
"114",130290
"115",130300
"116",130310
"117",130320
"118",130330
"119",130340
"120",130350
"121",130353
"122",130356
"123",130360
"124",130370
"125",130380
"126",130390
"127",130395
"128",130400
"129",130406
"130",130410
"131",130420
"132",130423
"133",130426
"134",130430
"135",130440
"136",140002
"137",140005
"138",140010
"139",140015
"140",140017
"141",140020
"142",140023
"143",140028
"144",140030
"145",140040
"146",140045
"147",140047
"148",140050
"149",140060
"150",140070
"151",150010
"152",150013
"153",150020
"154",150030
"155",150034
"156",150040
"157",150050
"158",150060
"159",150070
"160",150080
"161",150085
"162",150090
"163",150095
"164",150100
"165",150110
"166",150120
"167",150125
"168",150130
"169",150140
"170",150145
"171",150150
"172",150157
"173",150160
"174",150170
"175",150172
"176",150175
"177",150178
"178",150180
"179",150190
"180",150195
"181",150200
"182",150210
"183",150215
"184",150220
"185",150230
"186",150240
"187",150250
"188",150260
"189",150270
"190",150275
"191",150276
"192",150277
"193",150280
"194",150285
"195",150290
"196",150293
"197",150295
"198",150300
"199",150304
"200",150307
"201",150309
"202",150310
"203",150320
"204",150330
"205",150340
"206",150345
"207",150350
"208",150360
"209",150370
"210",150375
"211",150380
"212",150390
"213",150400
"214",150405
"215",150410
"216",150420
"217",150430
"218",150440
"219",150442
"220",150445
"221",150450
"222",150460
"223",150470
"224",150480
"225",150490
"226",150495
"227",150497
"228",150500
"229",150503
"230",150506
"231",150510
"232",150520
"233",150530
"234",150540
"235",150543
"236",150548
"237",150549
"238",150550
"239",150553
"240",150555
"241",150560
"242",150563
"243",150565
"244",150570
"245",150580
"246",150590
"247",150600
"248",150610
"249",150611
"250",150613
"251",150616
"252",150618
"253",150619
"254",150620
"255",150630
"256",150635
"257",150640
"258",150650
"259",150655
"260",150658
"261",150660
"262",150670
"263",150680
"264",150690
"265",150700
"266",150710
"267",150715
"268",150720
"269",150730
"270",150740
"271",150745
"272",150746
"273",150747
"274",150750
"275",150760
"276",150770
"277",150775
"278",150780
"279",150790
"280",150795
"281",150796
"282",150797
"283",150800
"284",150803
"285",150805
"286",150808
"287",150810
"288",150812
"289",150815
"290",150820
"291",150830
"292",150835
"293",150840
"294",160005
"295",160010
"296",160015
"297",160020
"298",160021
"299",160023
"300",160025
"301",160027
"302",160030
"303",160040
"304",160050
"305",160053
"306",160055
"307",160060
"308",160070
"309",160080
"310",170025
"311",170030
"312",170035
"313",170040
"314",170070
"315",170100
"316",170105
"317",170110
"318",170130
"319",170190
"320",170200
"321",170210
"322",170215
"323",170220
"324",170230
"325",170240
"326",170255
"327",170270
"328",170290
"329",170300
"330",170305
"331",170307
"332",170310
"333",170320
"334",170330
"335",170360
"336",170370
"337",170380
"338",170382
"339",170384
"340",170386
"341",170388
"342",170389
"343",170390
"344",170410
"345",170460
"346",170510
"347",170550
"348",170555
"349",170560
"350",170600
"351",170610
"352",170625
"353",170650
"354",170700
"355",170710
"356",170720
"357",170730
"358",170740
"359",170755
"360",170765
"361",170770
"362",170820
"363",170825
"364",170830
"365",170900
"366",170930
"367",170950
"368",170980
"369",171050
"370",171070
"371",171090
"372",171110
"373",171150
"374",171180
"375",171190
"376",171195
"377",171200
"378",171215
"379",171240
"380",171245
"381",171250
"382",171270
"383",171280
"384",171320
"385",171330
"386",171360
"387",171370
"388",171380
"389",171395
"390",171420
"391",171430
"392",171488
"393",171500
"394",171510
"395",171515
"396",171525
"397",171550
"398",171570
"399",171575
"400",171610
"401",171620
"402",171630
"403",171650
"404",171660
"405",171665
"406",171670
"407",171700
"408",171720
"409",171750
"410",171780
"411",171790
"412",171800
"413",171820
"414",171830
"415",171840
"416",171845
"417",171850
"418",171855
"419",171865
"420",171870
"421",171875
"422",171880
"423",171884
"424",171886
"425",171888
"426",171889
"427",171890
"428",171900
"429",172000
"430",172010
"431",172015
"432",172020
"433",172025
"434",172030
"435",172049
"436",172065
"437",172080
"438",172085
"439",172090
"440",172093
"441",172097
"442",172100
"443",172110
"444",172120
"445",172125
"446",172130
"447",172208
"448",172210
"449",210005
"450",210010
"451",210015
"452",210020
"453",210030
"454",210040
"455",210043
"456",210047
"457",210050
"458",210055
"459",210060
"460",210070
"461",210080
"462",210083
"463",210087
"464",210090
"465",210095
"466",210100
"467",210110
"468",210120
"469",210125
"470",210130
"471",210135
"472",210140
"473",210150
"474",210160
"475",210170
"476",210173
"477",210177
"478",210180
"479",210190
"480",210193
"481",210197
"482",210200
"483",210203
"484",210207
"485",210210
"486",210215
"487",210220
"488",210230
"489",210232
"490",210235
"491",210237
"492",210240
"493",210250
"494",210255
"495",210260
"496",210270
"497",210275
"498",210280
"499",210290
"500",210300
"501",210310
"502",210312
"503",210315
"504",210317
"505",210320
"506",210325
"507",210330
"508",210340
"509",210350
"510",210355
"511",210360
"512",210370
"513",210375
"514",210380
"515",210390
"516",210400
"517",210405
"518",210407
"519",210408
"520",210409
"521",210410
"522",210420
"523",210430
"524",210440
"525",210450
"526",210455
"527",210460
"528",210462
"529",210465
"530",210467
"531",210470
"532",210480
"533",210490
"534",210500
"535",210510
"536",210515
"537",210520
"538",210530
"539",210535
"540",210540
"541",210542
"542",210545
"543",210547
"544",210550
"545",210560
"546",210565
"547",210570
"548",210580
"549",210590
"550",210592
"551",210594
"552",210596
"553",210598
"554",210600
"555",210610
"556",210620
"557",210630
"558",210632
"559",210635
"560",210637
"561",210640
"562",210650
"563",210660
"564",210663
"565",210667
"566",210670
"567",210675
"568",210680
"569",210690
"570",210700
"571",210710
"572",210720
"573",210725
"574",210730
"575",210735
"576",210740
"577",210745
"578",210750
"579",210760
"580",210770
"581",210780
"582",210790
"583",210800
"584",210805
"585",210810
"586",210820
"587",210825
"588",210830
"589",210840
"590",210845
"591",210850
"592",210860
"593",210870
"594",210880
"595",210890
"596",210900
"597",210905
"598",210910
"599",210920
"600",210923
"601",210927
"602",210930
"603",210940
"604",210945
"605",210950
"606",210955
"607",210960
"608",210970
"609",210975
"610",210980
"611",210990
"612",211000
"613",211003
"614",211010
"615",211020
"616",211023
"617",211027
"618",211030
"619",211040
"620",211050
"621",211060
"622",211065
"623",211070
"624",211080
"625",211085
"626",211090
"627",211100
"628",211102
"629",211105
"630",211107
"631",211110
"632",211120
"633",211125
"634",211130
"635",211140
"636",211150
"637",211153
"638",211157
"639",211160
"640",211163
"641",211167
"642",211170
"643",211172
"644",211174
"645",211176
"646",211178
"647",211180
"648",211190
"649",211195
"650",211200
"651",211210
"652",211220
"653",211223
"654",211227
"655",211230
"656",211240
"657",211245
"658",211250
"659",211260
"660",211270
"661",211280
"662",211285
"663",211290
"664",211300
"665",211400
"666",220005
"667",220010
"668",220020
"669",220025
"670",220027
"671",220030
"672",220040
"673",220045
"674",220050
"675",220060
"676",220070
"677",220080
"678",220090
"679",220095
"680",220100
"681",220105
"682",220110
"683",220115
"684",220117
"685",220120
"686",220130
"687",220140
"688",220150
"689",220155
"690",220157
"691",220160
"692",220170
"693",220173
"694",220177
"695",220180
"696",220190
"697",220191
"698",220192
"699",220194
"700",220196
"701",220198
"702",220200
"703",220202
"704",220205
"705",220207
"706",220208
"707",220209
"708",220210
"709",220211
"710",220213
"711",220217
"712",220220
"713",220225
"714",220230
"715",220240
"716",220245
"717",220250
"718",220253
"719",220255
"720",220260
"721",220265
"722",220270
"723",220271
"724",220272
"725",220273
"726",220275
"727",220277
"728",220280
"729",220285
"730",220290
"731",220300
"732",220310
"733",220320
"734",220323
"735",220325
"736",220327
"737",220330
"738",220335
"739",220340
"740",220342
"741",220345
"742",220350
"743",220360
"744",220370
"745",220375
"746",220380
"747",220385
"748",220390
"749",220400
"750",220410
"751",220415
"752",220420
"753",220430
"754",220435
"755",220440
"756",220450
"757",220455
"758",220460
"759",220465
"760",220470
"761",220480
"762",220490
"763",220500
"764",220510
"765",220515
"766",220520
"767",220525
"768",220527
"769",220530
"770",220535
"771",220540
"772",220545
"773",220550
"774",220551
"775",220552
"776",220553
"777",220554
"778",220555
"779",220556
"780",220557
"781",220558
"782",220559
"783",220560
"784",220570
"785",220580
"786",220585
"787",220590
"788",220595
"789",220600
"790",220605
"791",220610
"792",220620
"793",220630
"794",220635
"795",220640
"796",220650
"797",220660
"798",220665
"799",220667
"800",220669
"801",220670
"802",220675
"803",220680
"804",220690
"805",220695
"806",220700
"807",220710
"808",220720
"809",220730
"810",220735
"811",220740
"812",220750
"813",220755
"814",220760
"815",220770
"816",220775
"817",220777
"818",220779
"819",220780
"820",220785
"821",220790
"822",220793
"823",220795
"824",220800
"825",220810
"826",220820
"827",220830
"828",220840
"829",220850
"830",220855
"831",220860
"832",220865
"833",220870
"834",220880
"835",220885
"836",220887
"837",220890
"838",220900
"839",220910
"840",220915
"841",220920
"842",220930
"843",220935
"844",220937
"845",220940
"846",220945
"847",220950
"848",220955
"849",220960
"850",220965
"851",220970
"852",220975
"853",220980
"854",220985
"855",220987
"856",220990
"857",220995
"858",220997
"859",221000
"860",221005
"861",221010
"862",221020
"863",221030
"864",221035
"865",221037
"866",221038
"867",221039
"868",221040
"869",221050
"870",221060
"871",221062
"872",221063
"873",221065
"874",221070
"875",221080
"876",221090
"877",221093
"878",221095
"879",221097
"880",221100
"881",221110
"882",221120
"883",221130
"884",221135
"885",221140
"886",221150
"887",221160
"888",221170
"889",230010
"890",230015
"891",230020
"892",230030
"893",230040
"894",230050
"895",230060
"896",230070
"897",230075
"898",230080
"899",230090
"900",230100
"901",230110
"902",230120
"903",230125
"904",230130
"905",230140
"906",230150
"907",230160
"908",230170
"909",230180
"910",230185
"911",230190
"912",230195
"913",230200
"914",230205
"915",230210
"916",230220
"917",230230
"918",230240
"919",230250
"920",230260
"921",230270
"922",230280
"923",230290
"924",230300
"925",230310
"926",230320
"927",230330
"928",230340
"929",230350
"930",230360
"931",230365
"932",230370
"933",230380
"934",230390
"935",230393
"936",230395
"937",230400
"938",230410
"939",230420
"940",230423
"941",230425
"942",230426
"943",230427
"944",230428
"945",230430
"946",230435
"947",230440
"948",230445
"949",230450
"950",230460
"951",230465
"952",230470
"953",230480
"954",230490
"955",230495
"956",230500
"957",230510
"958",230520
"959",230523
"960",230526
"961",230530
"962",230533
"963",230535
"964",230540
"965",230550
"966",230560
"967",230565
"968",230570
"969",230580
"970",230590
"971",230600
"972",230610
"973",230620
"974",230625
"975",230630
"976",230640
"977",230650
"978",230655
"979",230660
"980",230670
"981",230680
"982",230690
"983",230700
"984",230710
"985",230720
"986",230725
"987",230730
"988",230740
"989",230750
"990",230760
"991",230763
"992",230765
"993",230770
"994",230780
"995",230790
"996",230800
"997",230810
"998",230820
"999",230830
"1000",230835
"1001",230837
"1002",230840
"1003",230850
"1004",230860
"1005",230870
"1006",230880
"1007",230890
"1008",230900
"1009",230910
"1010",230920
"1011",230930
"1012",230940
"1013",230945
"1014",230950
"1015",230960
"1016",230970
"1017",230980
"1018",230990
"1019",231000
"1020",231010
"1021",231020
"1022",231025
"1023",231030
"1024",231040
"1025",231050
"1026",231060
"1027",231070
"1028",231080
"1029",231085
"1030",231090
"1031",231095
"1032",231100
"1033",231110
"1034",231120
"1035",231123
"1036",231126
"1037",231130
"1038",231135
"1039",231140
"1040",231150
"1041",231160
"1042",231170
"1043",231180
"1044",231190
"1045",231195
"1046",231200
"1047",231210
"1048",231220
"1049",231230
"1050",231240
"1051",231250
"1052",231260
"1053",231270
"1054",231280
"1055",231290
"1056",231300
"1057",231310
"1058",231320
"1059",231325
"1060",231330
"1061",231335
"1062",231340
"1063",231350
"1064",231355
"1065",231360
"1066",231370
"1067",231375
"1068",231380
"1069",231390
"1070",231395
"1071",231400
"1072",231410
"1073",240010
"1074",240020
"1075",240030
"1076",240040
"1077",240050
"1078",240060
"1079",240070
"1080",240080
"1081",240090
"1082",240100
"1083",240110
"1084",240120
"1085",240130
"1086",240140
"1087",240145
"1088",240150
"1089",240160
"1090",240165
"1091",240170
"1092",240180
"1093",240185
"1094",240190
"1095",240200
"1096",240210
"1097",240220
"1098",240230
"1099",240240
"1100",240250
"1101",240260
"1102",240270
"1103",240280
"1104",240290
"1105",240300
"1106",240310
"1107",240320
"1108",240325
"1109",240330
"1110",240340
"1111",240350
"1112",240360
"1113",240370
"1114",240375
"1115",240380
"1116",240390
"1117",240400
"1118",240410
"1119",240420
"1120",240430
"1121",240440
"1122",240450
"1123",240460
"1124",240470
"1125",240480
"1126",240485
"1127",240490
"1128",240500
"1129",240510
"1130",240520
"1131",240530
"1132",240540
"1133",240550
"1134",240560
"1135",240570
"1136",240580
"1137",240590
"1138",240600
"1139",240610
"1140",240615
"1141",240620
"1142",240630
"1143",240640
"1144",240650
"1145",240660
"1146",240670
"1147",240680
"1148",240690
"1149",240700
"1150",240710
"1151",240720
"1152",240725
"1153",240730
"1154",240740
"1155",240750
"1156",240760
"1157",240770
"1158",240780
"1159",240790
"1160",240800
"1161",240810
"1162",240820
"1163",240830
"1164",240840
"1165",240850
"1166",240860
"1167",240870
"1168",240880
"1169",240890
"1170",240895
"1171",240910
"1172",240920
"1173",240930
"1174",240933
"1175",240940
"1176",240950
"1177",240960
"1178",240970
"1179",240980
"1180",240990
"1181",241000
"1182",241010
"1183",241020
"1184",241025
"1185",241030
"1186",241040
"1187",241050
"1188",241060
"1189",241070
"1190",241080
"1191",241090
"1192",241100
"1193",241105
"1194",241110
"1195",241120
"1196",241140
"1197",241142
"1198",241150
"1199",241160
"1200",241170
"1201",241180
"1202",241190
"1203",241200
"1204",241210
"1205",241220
"1206",241230
"1207",241240
"1208",241250
"1209",241255
"1210",241260
"1211",241270
"1212",241280
"1213",241290
"1214",241300
"1215",241310
"1216",241320
"1217",241330
"1218",241335
"1219",241340
"1220",241350
"1221",241355
"1222",241360
"1223",241370
"1224",241380
"1225",241390
"1226",241400
"1227",241410
"1228",241415
"1229",241420
"1230",241430
"1231",241440
"1232",241445
"1233",241450
"1234",241460
"1235",241470
"1236",241475
"1237",241480
"1238",241490
"1239",241500
"1240",250010
"1241",250020
"1242",250030
"1243",250040
"1244",250050
"1245",250053
"1246",250057
"1247",250060
"1248",250070
"1249",250073
"1250",250077
"1251",250080
"1252",250090
"1253",250100
"1254",250110
"1255",250115
"1256",250120
"1257",250130
"1258",250135
"1259",250140
"1260",250150
"1261",250153
"1262",250157
"1263",250160
"1264",250170
"1265",250180
"1266",250190
"1267",250200
"1268",250205
"1269",250210
"1270",250215
"1271",250220
"1272",250230
"1273",250240
"1274",250250
"1275",250260
"1276",250270
"1277",250280
"1278",250290
"1279",250300
"1280",250310
"1281",250320
"1282",250330
"1283",250340
"1284",250350
"1285",250355
"1286",250360
"1287",250370
"1288",250375
"1289",250380
"1290",250390
"1291",250400
"1292",250403
"1293",250407
"1294",250410
"1295",250415
"1296",250420
"1297",250430
"1298",250435
"1299",250440
"1300",250450
"1301",250460
"1302",250470
"1303",250480
"1304",250485
"1305",250490
"1306",250500
"1307",250510
"1308",250520
"1309",250523
"1310",250527
"1311",250530
"1312",250535
"1313",250540
"1314",250550
"1315",250560
"1316",250570
"1317",250580
"1318",250590
"1319",250600
"1320",250610
"1321",250620
"1322",250625
"1323",250630
"1324",250640
"1325",250650
"1326",250660
"1327",250670
"1328",250680
"1329",250690
"1330",250700
"1331",250710
"1332",250720
"1333",250730
"1334",250740
"1335",250750
"1336",250760
"1337",250770
"1338",250780
"1339",250790
"1340",250800
"1341",250810
"1342",250820
"1343",250830
"1344",250840
"1345",250850
"1346",250855
"1347",250860
"1348",250870
"1349",250880
"1350",250890
"1351",250900
"1352",250905
"1353",250910
"1354",250915
"1355",250920
"1356",250930
"1357",250933
"1358",250937
"1359",250939
"1360",250940
"1361",250950
"1362",250960
"1363",250970
"1364",250980
"1365",250990
"1366",251000
"1367",251010
"1368",251020
"1369",251030
"1370",251040
"1371",251050
"1372",251060
"1373",251065
"1374",251070
"1375",251080
"1376",251090
"1377",251100
"1378",251110
"1379",251120
"1380",251130
"1381",251140
"1382",251150
"1383",251160
"1384",251170
"1385",251180
"1386",251190
"1387",251200
"1388",251203
"1389",251207
"1390",251210
"1391",251220
"1392",251230
"1393",251240
"1394",251250
"1395",251260
"1396",251270
"1397",251272
"1398",251274
"1399",251275
"1400",251276
"1401",251278
"1402",251280
"1403",251290
"1404",251300
"1405",251310
"1406",251315
"1407",251320
"1408",251330
"1409",251335
"1410",251340
"1411",251350
"1412",251360
"1413",251365
"1414",251370
"1415",251380
"1416",251385
"1417",251390
"1418",251392
"1419",251394
"1420",251396
"1421",251398
"1422",251400
"1423",251410
"1424",251420
"1425",251430
"1426",251440
"1427",251445
"1428",251450
"1429",251455
"1430",251460
"1431",251465
"1432",251470
"1433",251480
"1434",251490
"1435",251500
"1436",251510
"1437",251520
"1438",251530
"1439",251540
"1440",251550
"1441",251560
"1442",251570
"1443",251580
"1444",251590
"1445",251593
"1446",251597
"1447",251600
"1448",251610
"1449",251615
"1450",251620
"1451",251630
"1452",251640
"1453",251650
"1454",251660
"1455",251670
"1456",251675
"1457",251680
"1458",251690
"1459",251700
"1460",251710
"1461",251720
"1462",251740
"1463",260005
"1464",260010
"1465",260020
"1466",260030
"1467",260040
"1468",260050
"1469",260060
"1470",260070
"1471",260080
"1472",260090
"1473",260100
"1474",260105
"1475",260110
"1476",260120
"1477",260130
"1478",260140
"1479",260150
"1480",260160
"1481",260170
"1482",260180
"1483",260190
"1484",260200
"1485",260210
"1486",260220
"1487",260230
"1488",260240
"1489",260250
"1490",260260
"1491",260270
"1492",260280
"1493",260290
"1494",260300
"1495",260310
"1496",260320
"1497",260330
"1498",260340
"1499",260345
"1500",260350
"1501",260360
"1502",260370
"1503",260380
"1504",260390
"1505",260392
"1506",260400
"1507",260410
"1508",260415
"1509",260420
"1510",260430
"1511",260440
"1512",260450
"1513",260460
"1514",260470
"1515",260480
"1516",260490
"1517",260500
"1518",260510
"1519",260515
"1520",260520
"1521",260530
"1522",260540
"1523",260545
"1524",260550
"1525",260560
"1526",260570
"1527",260580
"1528",260590
"1529",260600
"1530",260610
"1531",260620
"1532",260630
"1533",260640
"1534",260650
"1535",260660
"1536",260670
"1537",260680
"1538",260690
"1539",260700
"1540",260710
"1541",260720
"1542",260730
"1543",260740
"1544",260750
"1545",260760
"1546",260765
"1547",260770
"1548",260775
"1549",260780
"1550",260790
"1551",260795
"1552",260800
"1553",260805
"1554",260810
"1555",260820
"1556",260825
"1557",260830
"1558",260840
"1559",260845
"1560",260850
"1561",260860
"1562",260870
"1563",260875
"1564",260880
"1565",260890
"1566",260900
"1567",260910
"1568",260915
"1569",260920
"1570",260930
"1571",260940
"1572",260950
"1573",260960
"1574",260970
"1575",260980
"1576",260990
"1577",261000
"1578",261010
"1579",261020
"1580",261030
"1581",261040
"1582",261050
"1583",261060
"1584",261070
"1585",261080
"1586",261090
"1587",261100
"1588",261110
"1589",261120
"1590",261130
"1591",261140
"1592",261150
"1593",261153
"1594",261160
"1595",261170
"1596",261180
"1597",261190
"1598",261200
"1599",261210
"1600",261220
"1601",261230
"1602",261240
"1603",261245
"1604",261247
"1605",261250
"1606",261255
"1607",261260
"1608",261270
"1609",261280
"1610",261290
"1611",261300
"1612",261310
"1613",261320
"1614",261330
"1615",261340
"1616",261350
"1617",261360
"1618",261370
"1619",261380
"1620",261390
"1621",261400
"1622",261410
"1623",261420
"1624",261430
"1625",261440
"1626",261450
"1627",261460
"1628",261470
"1629",261480
"1630",261485
"1631",261500
"1632",261510
"1633",261520
"1634",261530
"1635",261540
"1636",261550
"1637",261560
"1638",261570
"1639",261580
"1640",261590
"1641",261600
"1642",261610
"1643",261618
"1644",261620
"1645",261630
"1646",261640
"1647",261650
"1648",270010
"1649",270020
"1650",270030
"1651",270040
"1652",270050
"1653",270060
"1654",270070
"1655",270080
"1656",270090
"1657",270100
"1658",270110
"1659",270120
"1660",270130
"1661",270135
"1662",270140
"1663",270150
"1664",270160
"1665",270170
"1666",270180
"1667",270190
"1668",270200
"1669",270210
"1670",270220
"1671",270230
"1672",270235
"1673",270240
"1674",270250
"1675",270255
"1676",270260
"1677",270270
"1678",270280
"1679",270290
"1680",270300
"1681",270310
"1682",270320
"1683",270330
"1684",270340
"1685",270350
"1686",270360
"1687",270370
"1688",270375
"1689",270380
"1690",270390
"1691",270400
"1692",270410
"1693",270420
"1694",270430
"1695",270440
"1696",270450
"1697",270460
"1698",270470
"1699",270480
"1700",270490
"1701",270500
"1702",270510
"1703",270520
"1704",270530
"1705",270540
"1706",270550
"1707",270560
"1708",270570
"1709",270580
"1710",270590
"1711",270600
"1712",270610
"1713",270620
"1714",270630
"1715",270640
"1716",270642
"1717",270644
"1718",270650
"1719",270660
"1720",270670
"1721",270680
"1722",270690
"1723",270700
"1724",270710
"1725",270720
"1726",270730
"1727",270740
"1728",270750
"1729",270760
"1730",270770
"1731",270780
"1732",270790
"1733",270800
"1734",270810
"1735",270820
"1736",270830
"1737",270840
"1738",270850
"1739",270860
"1740",270870
"1741",270880
"1742",270890
"1743",270895
"1744",270900
"1745",270910
"1746",270915
"1747",270920
"1748",270930
"1749",270940
"1750",280010
"1751",280020
"1752",280030
"1753",280040
"1754",280050
"1755",280060
"1756",280067
"1757",280070
"1758",280100
"1759",280110
"1760",280120
"1761",280130
"1762",280140
"1763",280150
"1764",280160
"1765",280170
"1766",280190
"1767",280200
"1768",280210
"1769",280220
"1770",280230
"1771",280240
"1772",280250
"1773",280260
"1774",280270
"1775",280280
"1776",280290
"1777",280300
"1778",280310
"1779",280320
"1780",280330
"1781",280340
"1782",280350
"1783",280360
"1784",280370
"1785",280380
"1786",280390
"1787",280400
"1788",280410
"1789",280420
"1790",280430
"1791",280440
"1792",280445
"1793",280450
"1794",280460
"1795",280470
"1796",280480
"1797",280490
"1798",280500
"1799",280510
"1800",280520
"1801",280530
"1802",280540
"1803",280550
"1804",280560
"1805",280570
"1806",280580
"1807",280590
"1808",280600
"1809",280610
"1810",280620
"1811",280630
"1812",280640
"1813",280650
"1814",280660
"1815",280670
"1816",280680
"1817",280690
"1818",280700
"1819",280710
"1820",280720
"1821",280730
"1822",280740
"1823",280750
"1824",280760
"1825",290010
"1826",290020
"1827",290030
"1828",290035
"1829",290040
"1830",290050
"1831",290060
"1832",290070
"1833",290080
"1834",290090
"1835",290100
"1836",290110
"1837",290115
"1838",290120
"1839",290130
"1840",290135
"1841",290140
"1842",290150
"1843",290160
"1844",290170
"1845",290180
"1846",290190
"1847",290195
"1848",290200
"1849",290205
"1850",290210
"1851",290220
"1852",290225
"1853",290230
"1854",290240
"1855",290250
"1856",290260
"1857",290265
"1858",290270
"1859",290280
"1860",290290
"1861",290300
"1862",290310
"1863",290320
"1864",290323
"1865",290327
"1866",290330
"1867",290340
"1868",290350
"1869",290360
"1870",290370
"1871",290380
"1872",290390
"1873",290395
"1874",290400
"1875",290405
"1876",290410
"1877",290420
"1878",290430
"1879",290440
"1880",290450
"1881",290460
"1882",290470
"1883",290475
"1884",290480
"1885",290485
"1886",290490
"1887",290500
"1888",290510
"1889",290515
"1890",290520
"1891",290530
"1892",290540
"1893",290550
"1894",290560
"1895",290570
"1896",290580
"1897",290590
"1898",290600
"1899",290610
"1900",290620
"1901",290630
"1902",290640
"1903",290650
"1904",290660
"1905",290670
"1906",290680
"1907",290682
"1908",290685
"1909",290687
"1910",290689
"1911",290690
"1912",290700
"1913",290710
"1914",290720
"1915",290730
"1916",290740
"1917",290750
"1918",290755
"1919",290760
"1920",290770
"1921",290780
"1922",290790
"1923",290800
"1924",290810
"1925",290820
"1926",290830
"1927",290840
"1928",290850
"1929",290860
"1930",290870
"1931",290880
"1932",290890
"1933",290900
"1934",290910
"1935",290920
"1936",290930
"1937",290940
"1938",290950
"1939",290960
"1940",290970
"1941",290980
"1942",290990
"1943",291000
"1944",291005
"1945",291010
"1946",291020
"1947",291030
"1948",291040
"1949",291050
"1950",291060
"1951",291070
"1952",291072
"1953",291075
"1954",291077
"1955",291080
"1956",291085
"1957",291090
"1958",291100
"1959",291110
"1960",291120
"1961",291125
"1962",291130
"1963",291140
"1964",291150
"1965",291160
"1966",291165
"1967",291170
"1968",291180
"1969",291185
"1970",291190
"1971",291200
"1972",291210
"1973",291220
"1974",291230
"1975",291240
"1976",291250
"1977",291260
"1978",291270
"1979",291280
"1980",291290
"1981",291300
"1982",291310
"1983",291320
"1984",291330
"1985",291340
"1986",291345
"1987",291350
"1988",291360
"1989",291370
"1990",291380
"1991",291390
"1992",291400
"1993",291410
"1994",291420
"1995",291430
"1996",291440
"1997",291450
"1998",291460
"1999",291465
"2000",291470
"2001",291480
"2002",291490
"2003",291500
"2004",291510
"2005",291520
"2006",291530
"2007",291535
"2008",291540
"2009",291550
"2010",291560
"2011",291570
"2012",291580
"2013",291590
"2014",291600
"2015",291610
"2016",291620
"2017",291630
"2018",291640
"2019",291650
"2020",291660
"2021",291670
"2022",291680
"2023",291685
"2024",291690
"2025",291700
"2026",291710
"2027",291720
"2028",291730
"2029",291733
"2030",291735
"2031",291740
"2032",291750
"2033",291760
"2034",291770
"2035",291780
"2036",291790
"2037",291800
"2038",291810
"2039",291820
"2040",291830
"2041",291835
"2042",291840
"2043",291845
"2044",291850
"2045",291855
"2046",291860
"2047",291870
"2048",291875
"2049",291880
"2050",291890
"2051",291900
"2052",291905
"2053",291910
"2054",291915
"2055",291920
"2056",291930
"2057",291940
"2058",291950
"2059",291955
"2060",291960
"2061",291970
"2062",291980
"2063",291990
"2064",291992
"2065",291995
"2066",292000
"2067",292010
"2068",292020
"2069",292030
"2070",292040
"2071",292045
"2072",292050
"2073",292060
"2074",292070
"2075",292080
"2076",292090
"2077",292100
"2078",292105
"2079",292110
"2080",292120
"2081",292130
"2082",292140
"2083",292145
"2084",292150
"2085",292160
"2086",292170
"2087",292180
"2088",292190
"2089",292200
"2090",292205
"2091",292210
"2092",292220
"2093",292225
"2094",292230
"2095",292240
"2096",292250
"2097",292260
"2098",292265
"2099",292270
"2100",292273
"2101",292275
"2102",292280
"2103",292285
"2104",292290
"2105",292300
"2106",292303
"2107",292305
"2108",292310
"2109",292320
"2110",292330
"2111",292335
"2112",292340
"2113",292350
"2114",292360
"2115",292370
"2116",292380
"2117",292390
"2118",292400
"2119",292405
"2120",292410
"2121",292420
"2122",292430
"2123",292440
"2124",292450
"2125",292460
"2126",292465
"2127",292467
"2128",292470
"2129",292480
"2130",292490
"2131",292500
"2132",292510
"2133",292520
"2134",292525
"2135",292530
"2136",292540
"2137",292550
"2138",292560
"2139",292570
"2140",292575
"2141",292580
"2142",292590
"2143",292593
"2144",292595
"2145",292600
"2146",292610
"2147",292620
"2148",292630
"2149",292640
"2150",292650
"2151",292660
"2152",292665
"2153",292670
"2154",292680
"2155",292690
"2156",292700
"2157",292710
"2158",292720
"2159",292730
"2160",292740
"2161",292750
"2162",292760
"2163",292770
"2164",292780
"2165",292790
"2166",292800
"2167",292805
"2168",292810
"2169",292820
"2170",292830
"2171",292840
"2172",292850
"2173",292860
"2174",292870
"2175",292880
"2176",292890
"2177",292895
"2178",292900
"2179",292905
"2180",292910
"2181",292920
"2182",292925
"2183",292930
"2184",292935
"2185",292937
"2186",292940
"2187",292950
"2188",292960
"2189",292970
"2190",292975
"2191",292980
"2192",292990
"2193",293000
"2194",293010
"2195",293015
"2196",293020
"2197",293030
"2198",293040
"2199",293050
"2200",293060
"2201",293070
"2202",293075
"2203",293076
"2204",293077
"2205",293080
"2206",293090
"2207",293100
"2208",293105
"2209",293110
"2210",293120
"2211",293130
"2212",293135
"2213",293140
"2214",293150
"2215",293160
"2216",293170
"2217",293180
"2218",293190
"2219",293200
"2220",293210
"2221",293220
"2222",293230
"2223",293240
"2224",293245
"2225",293250
"2226",293260
"2227",293270
"2228",293280
"2229",293290
"2230",293300
"2231",293305
"2232",293310
"2233",293315
"2234",293317
"2235",293320
"2236",293325
"2237",293330
"2238",293340
"2239",293345
"2240",293350
"2241",293360
"2242",310010
"2243",310020
"2244",310030
"2245",310040
"2246",310050
"2247",310060
"2248",310070
"2249",310080
"2250",310090
"2251",310100
"2252",310110
"2253",310120
"2254",310130
"2255",310140
"2256",310150
"2257",310160
"2258",310163
"2259",310170
"2260",310180
"2261",310190
"2262",310200
"2263",310205
"2264",310210
"2265",310220
"2266",310230
"2267",310240
"2268",310250
"2269",310260
"2270",310270
"2271",310280
"2272",310285
"2273",310290
"2274",310300
"2275",310310
"2276",310320
"2277",310330
"2278",310340
"2279",310350
"2280",310360
"2281",310370
"2282",310375
"2283",310380
"2284",310390
"2285",310400
"2286",310410
"2287",310420
"2288",310430
"2289",310440
"2290",310445
"2291",310450
"2292",310460
"2293",310470
"2294",310480
"2295",310490
"2296",310500
"2297",310510
"2298",310520
"2299",310530
"2300",310540
"2301",310550
"2302",310560
"2303",310570
"2304",310590
"2305",310600
"2306",310610
"2307",310620
"2308",310630
"2309",310640
"2310",310650
"2311",310660
"2312",310665
"2313",310670
"2314",310680
"2315",310690
"2316",310700
"2317",310710
"2318",310720
"2319",310730
"2320",310740
"2321",310750
"2322",310760
"2323",310770
"2324",310780
"2325",310790
"2326",310800
"2327",310810
"2328",310820
"2329",310825
"2330",310830
"2331",310840
"2332",310850
"2333",310855
"2334",310860
"2335",310870
"2336",310880
"2337",310890
"2338",310900
"2339",310910
"2340",310920
"2341",310925
"2342",310930
"2343",310940
"2344",310945
"2345",310950
"2346",310960
"2347",310970
"2348",310980
"2349",310990
"2350",311000
"2351",311010
"2352",311020
"2353",311030
"2354",311040
"2355",311050
"2356",311060
"2357",311070
"2358",311080
"2359",311090
"2360",311100
"2361",311110
"2362",311115
"2363",311120
"2364",311130
"2365",311140
"2366",311150
"2367",311160
"2368",311170
"2369",311180
"2370",311190
"2371",311200
"2372",311205
"2373",311210
"2374",311220
"2375",311230
"2376",311240
"2377",311250
"2378",311260
"2379",311265
"2380",311270
"2381",311280
"2382",311290
"2383",311300
"2384",311310
"2385",311320
"2386",311330
"2387",311340
"2388",311350
"2389",311360
"2390",311370
"2391",311380
"2392",311390
"2393",311400
"2394",311410
"2395",311420
"2396",311430
"2397",311440
"2398",311450
"2399",311455
"2400",311460
"2401",311470
"2402",311480
"2403",311490
"2404",311500
"2405",311510
"2406",311520
"2407",311530
"2408",311535
"2409",311540
"2410",311545
"2411",311547
"2412",311550
"2413",311560
"2414",311570
"2415",311580
"2416",311590
"2417",311600
"2418",311610
"2419",311615
"2420",311620
"2421",311630
"2422",311640
"2423",311650
"2424",311660
"2425",311670
"2426",311680
"2427",311690
"2428",311700
"2429",311710
"2430",311720
"2431",311730
"2432",311740
"2433",311750
"2434",311760
"2435",311770
"2436",311780
"2437",311783
"2438",311787
"2439",311790
"2440",311800
"2441",311810
"2442",311820
"2443",311830
"2444",311840
"2445",311850
"2446",311860
"2447",311870
"2448",311880
"2449",311890
"2450",311900
"2451",311910
"2452",311920
"2453",311930
"2454",311940
"2455",311950
"2456",311960
"2457",311970
"2458",311980
"2459",311990
"2460",311995
"2461",312000
"2462",312010
"2463",312015
"2464",312020
"2465",312030
"2466",312040
"2467",312050
"2468",312060
"2469",312070
"2470",312080
"2471",312083
"2472",312087
"2473",312090
"2474",312100
"2475",312110
"2476",312120
"2477",312125
"2478",312130
"2479",312140
"2480",312150
"2481",312160
"2482",312170
"2483",312180
"2484",312190
"2485",312200
"2486",312210
"2487",312220
"2488",312230
"2489",312235
"2490",312240
"2491",312245
"2492",312247
"2493",312250
"2494",312260
"2495",312270
"2496",312280
"2497",312290
"2498",312300
"2499",312310
"2500",312320
"2501",312330
"2502",312340
"2503",312350
"2504",312352
"2505",312360
"2506",312370
"2507",312380
"2508",312385
"2509",312390
"2510",312400
"2511",312410
"2512",312420
"2513",312430
"2514",312440
"2515",312450
"2516",312460
"2517",312470
"2518",312480
"2519",312490
"2520",312500
"2521",312510
"2522",312520
"2523",312530
"2524",312540
"2525",312550
"2526",312560
"2527",312570
"2528",312580
"2529",312590
"2530",312595
"2531",312600
"2532",312610
"2533",312620
"2534",312630
"2535",312640
"2536",312650
"2537",312660
"2538",312670
"2539",312675
"2540",312680
"2541",312690
"2542",312695
"2543",312700
"2544",312705
"2545",312707
"2546",312710
"2547",312720
"2548",312730
"2549",312733
"2550",312735
"2551",312737
"2552",312738
"2553",312740
"2554",312750
"2555",312760
"2556",312770
"2557",312780
"2558",312790
"2559",312800
"2560",312810
"2561",312820
"2562",312825
"2563",312830
"2564",312840
"2565",312850
"2566",312860
"2567",312870
"2568",312880
"2569",312890
"2570",312900
"2571",312910
"2572",312920
"2573",312930
"2574",312940
"2575",312950
"2576",312960
"2577",312965
"2578",312970
"2579",312980
"2580",312990
"2581",313000
"2582",313005
"2583",313010
"2584",313020
"2585",313030
"2586",313040
"2587",313050
"2588",313055
"2589",313060
"2590",313065
"2591",313070
"2592",313080
"2593",313090
"2594",313100
"2595",313110
"2596",313115
"2597",313120
"2598",313130
"2599",313140
"2600",313150
"2601",313160
"2602",313170
"2603",313180
"2604",313190
"2605",313200
"2606",313210
"2607",313220
"2608",313230
"2609",313240
"2610",313250
"2611",313260
"2612",313270
"2613",313280
"2614",313290
"2615",313300
"2616",313310
"2617",313320
"2618",313330
"2619",313340
"2620",313350
"2621",313360
"2622",313370
"2623",313375
"2624",313380
"2625",313390
"2626",313400
"2627",313410
"2628",313420
"2629",313430
"2630",313440
"2631",313450
"2632",313460
"2633",313470
"2634",313480
"2635",313490
"2636",313500
"2637",313505
"2638",313507
"2639",313510
"2640",313520
"2641",313530
"2642",313535
"2643",313540
"2644",313545
"2645",313550
"2646",313560
"2647",313570
"2648",313580
"2649",313590
"2650",313600
"2651",313610
"2652",313620
"2653",313630
"2654",313640
"2655",313650
"2656",313652
"2657",313655
"2658",313657
"2659",313660
"2660",313665
"2661",313670
"2662",313680
"2663",313690
"2664",313695
"2665",313700
"2666",313710
"2667",313720
"2668",313730
"2669",313740
"2670",313750
"2671",313753
"2672",313760
"2673",313770
"2674",313780
"2675",313790
"2676",313800
"2677",313810
"2678",313820
"2679",313830
"2680",313835
"2681",313840
"2682",313850
"2683",313860
"2684",313862
"2685",313865
"2686",313867
"2687",313868
"2688",313870
"2689",313880
"2690",313890
"2691",313900
"2692",313910
"2693",313920
"2694",313925
"2695",313930
"2696",313940
"2697",313950
"2698",313960
"2699",313970
"2700",313980
"2701",313990
"2702",314000
"2703",314010
"2704",314015
"2705",314020
"2706",314030
"2707",314040
"2708",314050
"2709",314053
"2710",314055
"2711",314060
"2712",314070
"2713",314080
"2714",314085
"2715",314090
"2716",314100
"2717",314110
"2718",314120
"2719",314130
"2720",314140
"2721",314150
"2722",314160
"2723",314170
"2724",314180
"2725",314190
"2726",314200
"2727",314210
"2728",314220
"2729",314225
"2730",314230
"2731",314240
"2732",314250
"2733",314260
"2734",314270
"2735",314280
"2736",314290
"2737",314300
"2738",314310
"2739",314315
"2740",314320
"2741",314330
"2742",314340
"2743",314345
"2744",314350
"2745",314360
"2746",314370
"2747",314380
"2748",314390
"2749",314400
"2750",314410
"2751",314420
"2752",314430
"2753",314435
"2754",314437
"2755",314440
"2756",314450
"2757",314460
"2758",314465
"2759",314467
"2760",314470
"2761",314480
"2762",314490
"2763",314500
"2764",314505
"2765",314510
"2766",314520
"2767",314530
"2768",314535
"2769",314537
"2770",314540
"2771",314545
"2772",314550
"2773",314560
"2774",314570
"2775",314580
"2776",314585
"2777",314587
"2778",314590
"2779",314600
"2780",314610
"2781",314620
"2782",314625
"2783",314630
"2784",314640
"2785",314650
"2786",314655
"2787",314660
"2788",314670
"2789",314675
"2790",314690
"2791",314700
"2792",314710
"2793",314720
"2794",314730
"2795",314740
"2796",314750
"2797",314760
"2798",314770
"2799",314780
"2800",314790
"2801",314795
"2802",314800
"2803",314810
"2804",314820
"2805",314830
"2806",314840
"2807",314850
"2808",314860
"2809",314870
"2810",314875
"2811",314880
"2812",314890
"2813",314900
"2814",314910
"2815",314915
"2816",314920
"2817",314930
"2818",314940
"2819",314950
"2820",314960
"2821",314970
"2822",314980
"2823",314990
"2824",314995
"2825",315000
"2826",315010
"2827",315015
"2828",315020
"2829",315030
"2830",315040
"2831",315050
"2832",315053
"2833",315057
"2834",315060
"2835",315070
"2836",315080
"2837",315090
"2838",315100
"2839",315110
"2840",315120
"2841",315130
"2842",315140
"2843",315150
"2844",315160
"2845",315170
"2846",315180
"2847",315190
"2848",315200
"2849",315210
"2850",315213
"2851",315217
"2852",315220
"2853",315230
"2854",315240
"2855",315250
"2856",315260
"2857",315270
"2858",315280
"2859",315290
"2860",315300
"2861",315310
"2862",315320
"2863",315330
"2864",315340
"2865",315350
"2866",315360
"2867",315370
"2868",315380
"2869",315390
"2870",315400
"2871",315410
"2872",315415
"2873",315420
"2874",315430
"2875",315440
"2876",315445
"2877",315450
"2878",315460
"2879",315470
"2880",315480
"2881",315490
"2882",315500
"2883",315510
"2884",315520
"2885",315530
"2886",315540
"2887",315550
"2888",315560
"2889",315570
"2890",315580
"2891",315590
"2892",315600
"2893",315610
"2894",315620
"2895",315630
"2896",315640
"2897",315645
"2898",315650
"2899",315660
"2900",315670
"2901",315680
"2902",315690
"2903",315700
"2904",315710
"2905",315720
"2906",315725
"2907",315727
"2908",315730
"2909",315733
"2910",315737
"2911",315740
"2912",315750
"2913",315760
"2914",315765
"2915",315770
"2916",315780
"2917",315790
"2918",315800
"2919",315810
"2920",315820
"2921",315830
"2922",315840
"2923",315850
"2924",315860
"2925",315870
"2926",315880
"2927",315890
"2928",315895
"2929",315900
"2930",315910
"2931",315920
"2932",315930
"2933",315935
"2934",315940
"2935",315950
"2936",315960
"2937",315970
"2938",315980
"2939",315990
"2940",316000
"2941",316010
"2942",316020
"2943",316030
"2944",316040
"2945",316045
"2946",316050
"2947",316060
"2948",316070
"2949",316080
"2950",316090
"2951",316095
"2952",316100
"2953",316105
"2954",316110
"2955",316120
"2956",316130
"2957",316140
"2958",316150
"2959",316160
"2960",316165
"2961",316170
"2962",316180
"2963",316190
"2964",316200
"2965",316210
"2966",316220
"2967",316225
"2968",316230
"2969",316240
"2970",316245
"2971",316250
"2972",316255
"2973",316257
"2974",316260
"2975",316265
"2976",316270
"2977",316280
"2978",316290
"2979",316292
"2980",316294
"2981",316295
"2982",316300
"2983",316310
"2984",316320
"2985",316330
"2986",316340
"2987",316350
"2988",316360
"2989",316370
"2990",316380
"2991",316390
"2992",316400
"2993",316410
"2994",316420
"2995",316430
"2996",316440
"2997",316443
"2998",316447
"2999",316450
"3000",316460
"3001",316470
"3002",316480
"3003",316490
"3004",316500
"3005",316510
"3006",316520
"3007",316530
"3008",316540
"3009",316550
"3010",316553
"3011",316555
"3012",316556
"3013",316557
"3014",316560
"3015",316570
"3016",316580
"3017",316590
"3018",316600
"3019",316610
"3020",316620
"3021",316630
"3022",316640
"3023",316650
"3024",316660
"3025",316670
"3026",316680
"3027",316690
"3028",316695
"3029",316700
"3030",316710
"3031",316720
"3032",316730
"3033",316740
"3034",316750
"3035",316760
"3036",316770
"3037",316780
"3038",316790
"3039",316800
"3040",316805
"3041",316810
"3042",316820
"3043",316830
"3044",316840
"3045",316850
"3046",316860
"3047",316870
"3048",316880
"3049",316890
"3050",316900
"3051",316905
"3052",316910
"3053",316920
"3054",316930
"3055",316935
"3056",316940
"3057",316950
"3058",316960
"3059",316970
"3060",316980
"3061",316990
"3062",317000
"3063",317005
"3064",317010
"3065",317020
"3066",317030
"3067",317040
"3068",317043
"3069",317047
"3070",317050
"3071",317052
"3072",317057
"3073",317060
"3074",317065
"3075",317070
"3076",317075
"3077",317080
"3078",317090
"3079",317100
"3080",317103
"3081",317107
"3082",317110
"3083",317115
"3084",317120
"3085",317130
"3086",317140
"3087",317150
"3088",317160
"3089",317170
"3090",317180
"3091",317190
"3092",317200
"3093",317210
"3094",317220
"3095",320010
"3096",320013
"3097",320016
"3098",320020
"3099",320030
"3100",320035
"3101",320040
"3102",320050
"3103",320060
"3104",320070
"3105",320080
"3106",320090
"3107",320100
"3108",320110
"3109",320115
"3110",320120
"3111",320130
"3112",320140
"3113",320150
"3114",320160
"3115",320170
"3116",320180
"3117",320190
"3118",320200
"3119",320210
"3120",320220
"3121",320225
"3122",320230
"3123",320240
"3124",320245
"3125",320250
"3126",320255
"3127",320260
"3128",320265
"3129",320270
"3130",320280
"3131",320290
"3132",320300
"3133",320305
"3134",320310
"3135",320313
"3136",320316
"3137",320320
"3138",320330
"3139",320332
"3140",320334
"3141",320335
"3142",320340
"3143",320350
"3144",320360
"3145",320370
"3146",320380
"3147",320390
"3148",320400
"3149",320405
"3150",320410
"3151",320420
"3152",320425
"3153",320430
"3154",320435
"3155",320440
"3156",320450
"3157",320455
"3158",320460
"3159",320465
"3160",320470
"3161",320480
"3162",320490
"3163",320495
"3164",320500
"3165",320501
"3166",320503
"3167",320506
"3168",320510
"3169",320515
"3170",320517
"3171",320520
"3172",320530
"3173",330010
"3174",330015
"3175",330020
"3176",330022
"3177",330023
"3178",330025
"3179",330030
"3180",330040
"3181",330045
"3182",330050
"3183",330060
"3184",330070
"3185",330080
"3186",330090
"3187",330093
"3188",330095
"3189",330100
"3190",330110
"3191",330115
"3192",330120
"3193",330130
"3194",330140
"3195",330150
"3196",330160
"3197",330170
"3198",330180
"3199",330185
"3200",330187
"3201",330190
"3202",330200
"3203",330205
"3204",330210
"3205",330220
"3206",330225
"3207",330227
"3208",330230
"3209",330240
"3210",330245
"3211",330250
"3212",330260
"3213",330270
"3214",330280
"3215",330285
"3216",330290
"3217",330300
"3218",330310
"3219",330320
"3220",330330
"3221",330340
"3222",330350
"3223",330360
"3224",330370
"3225",330380
"3226",330385
"3227",330390
"3228",330395
"3229",330400
"3230",330410
"3231",330411
"3232",330412
"3233",330414
"3234",330415
"3235",330420
"3236",330430
"3237",330440
"3238",330450
"3239",330452
"3240",330455
"3241",330460
"3242",330470
"3243",330475
"3244",330480
"3245",330490
"3246",330500
"3247",330510
"3248",330513
"3249",330515
"3250",330520
"3251",330530
"3252",330540
"3253",330550
"3254",330555
"3255",330560
"3256",330570
"3257",330575
"3258",330580
"3259",330590
"3260",330600
"3261",330610
"3262",330615
"3263",330620
"3264",330630
"3265",350010
"3266",350020
"3267",350030
"3268",350040
"3269",350050
"3270",350055
"3271",350060
"3272",350070
"3273",350075
"3274",350080
"3275",350090
"3276",350100
"3277",350110
"3278",350115
"3279",350120
"3280",350130
"3281",350140
"3282",350150
"3283",350160
"3284",350170
"3285",350180
"3286",350190
"3287",350200
"3288",350210
"3289",350220
"3290",350230
"3291",350240
"3292",350250
"3293",350260
"3294",350270
"3295",350275
"3296",350280
"3297",350290
"3298",350300
"3299",350310
"3300",350315
"3301",350320
"3302",350330
"3303",350335
"3304",350340
"3305",350350
"3306",350360
"3307",350370
"3308",350380
"3309",350390
"3310",350395
"3311",350400
"3312",350410
"3313",350420
"3314",350430
"3315",350440
"3316",350450
"3317",350460
"3318",350470
"3319",350480
"3320",350490
"3321",350500
"3322",350510
"3323",350520
"3324",350530
"3325",350535
"3326",350540
"3327",350550
"3328",350560
"3329",350570
"3330",350580
"3331",350590
"3332",350600
"3333",350610
"3334",350620
"3335",350630
"3336",350635
"3337",350640
"3338",350650
"3339",350660
"3340",350670
"3341",350680
"3342",350690
"3343",350700
"3344",350710
"3345",350715
"3346",350720
"3347",350730
"3348",350740
"3349",350745
"3350",350750
"3351",350760
"3352",350770
"3353",350775
"3354",350780
"3355",350790
"3356",350800
"3357",350810
"3358",350820
"3359",350830
"3360",350840
"3361",350850
"3362",350860
"3363",350870
"3364",350880
"3365",350890
"3366",350900
"3367",350910
"3368",350920
"3369",350925
"3370",350930
"3371",350940
"3372",350945
"3373",350950
"3374",350960
"3375",350970
"3376",350980
"3377",350990
"3378",350995
"3379",351000
"3380",351010
"3381",351015
"3382",351020
"3383",351030
"3384",351040
"3385",351050
"3386",351060
"3387",351070
"3388",351080
"3389",351090
"3390",351100
"3391",351110
"3392",351120
"3393",351130
"3394",351140
"3395",351150
"3396",351160
"3397",351170
"3398",351190
"3399",351200
"3400",351210
"3401",351220
"3402",351230
"3403",351240
"3404",351250
"3405",351260
"3406",351270
"3407",351280
"3408",351290
"3409",351300
"3410",351310
"3411",351320
"3412",351330
"3413",351340
"3414",351350
"3415",351360
"3416",351370
"3417",351380
"3418",351385
"3419",351390
"3420",351400
"3421",351410
"3422",351420
"3423",351430
"3424",351440
"3425",351450
"3426",351460
"3427",351470
"3428",351480
"3429",351490
"3430",351492
"3431",351495
"3432",351500
"3433",351510
"3434",351512
"3435",351515
"3436",351518
"3437",351519
"3438",351520
"3439",351530
"3440",351535
"3441",351540
"3442",351550
"3443",351560
"3444",351565
"3445",351570
"3446",351580
"3447",351590
"3448",351600
"3449",351610
"3450",351620
"3451",351630
"3452",351640
"3453",351650
"3454",351660
"3455",351670
"3456",351680
"3457",351685
"3458",351690
"3459",351700
"3460",351710
"3461",351720
"3462",351730
"3463",351740
"3464",351750
"3465",351760
"3466",351770
"3467",351780
"3468",351790
"3469",351800
"3470",351810
"3471",351820
"3472",351830
"3473",351840
"3474",351850
"3475",351860
"3476",351870
"3477",351880
"3478",351885
"3479",351890
"3480",351900
"3481",351905
"3482",351907
"3483",351910
"3484",351920
"3485",351925
"3486",351930
"3487",351940
"3488",351950
"3489",351960
"3490",351970
"3491",351980
"3492",351990
"3493",352000
"3494",352010
"3495",352020
"3496",352030
"3497",352040
"3498",352042
"3499",352044
"3500",352050
"3501",352060
"3502",352070
"3503",352080
"3504",352090
"3505",352100
"3506",352110
"3507",352115
"3508",352120
"3509",352130
"3510",352140
"3511",352150
"3512",352160
"3513",352170
"3514",352180
"3515",352190
"3516",352200
"3517",352210
"3518",352215
"3519",352220
"3520",352230
"3521",352240
"3522",352250
"3523",352260
"3524",352265
"3525",352270
"3526",352280
"3527",352290
"3528",352300
"3529",352310
"3530",352320
"3531",352330
"3532",352340
"3533",352350
"3534",352360
"3535",352370
"3536",352380
"3537",352390
"3538",352400
"3539",352410
"3540",352420
"3541",352430
"3542",352440
"3543",352450
"3544",352460
"3545",352470
"3546",352480
"3547",352490
"3548",352500
"3549",352510
"3550",352520
"3551",352530
"3552",352540
"3553",352550
"3554",352560
"3555",352570
"3556",352580
"3557",352585
"3558",352590
"3559",352600
"3560",352610
"3561",352620
"3562",352630
"3563",352640
"3564",352650
"3565",352660
"3566",352670
"3567",352680
"3568",352690
"3569",352700
"3570",352710
"3571",352720
"3572",352725
"3573",352730
"3574",352740
"3575",352750
"3576",352760
"3577",352770
"3578",352780
"3579",352790
"3580",352800
"3581",352810
"3582",352820
"3583",352830
"3584",352840
"3585",352850
"3586",352860
"3587",352870
"3588",352880
"3589",352885
"3590",352890
"3591",352900
"3592",352910
"3593",352920
"3594",352930
"3595",352940
"3596",352950
"3597",352960
"3598",352965
"3599",352970
"3600",352980
"3601",352990
"3602",353000
"3603",353010
"3604",353020
"3605",353030
"3606",353040
"3607",353050
"3608",353060
"3609",353070
"3610",353080
"3611",353090
"3612",353100
"3613",353110
"3614",353120
"3615",353130
"3616",353140
"3617",353150
"3618",353160
"3619",353170
"3620",353180
"3621",353190
"3622",353200
"3623",353205
"3624",353210
"3625",353215
"3626",353220
"3627",353230
"3628",353240
"3629",353250
"3630",353260
"3631",353270
"3632",353280
"3633",353282
"3634",353284
"3635",353286
"3636",353290
"3637",353300
"3638",353310
"3639",353320
"3640",353325
"3641",353330
"3642",353340
"3643",353350
"3644",353360
"3645",353370
"3646",353380
"3647",353390
"3648",353400
"3649",353410
"3650",353420
"3651",353430
"3652",353440
"3653",353450
"3654",353460
"3655",353470
"3656",353475
"3657",353480
"3658",353490
"3659",353500
"3660",353510
"3661",353520
"3662",353530
"3663",353540
"3664",353550
"3665",353560
"3666",353570
"3667",353580
"3668",353590
"3669",353600
"3670",353610
"3671",353620
"3672",353625
"3673",353630
"3674",353640
"3675",353650
"3676",353657
"3677",353660
"3678",353670
"3679",353680
"3680",353690
"3681",353700
"3682",353710
"3683",353715
"3684",353720
"3685",353730
"3686",353740
"3687",353750
"3688",353760
"3689",353770
"3690",353780
"3691",353790
"3692",353800
"3693",353810
"3694",353820
"3695",353830
"3696",353850
"3697",353860
"3698",353870
"3699",353880
"3700",353890
"3701",353900
"3702",353910
"3703",353920
"3704",353930
"3705",353940
"3706",353950
"3707",353960
"3708",353970
"3709",353980
"3710",353990
"3711",354000
"3712",354010
"3713",354020
"3714",354025
"3715",354030
"3716",354040
"3717",354050
"3718",354060
"3719",354070
"3720",354075
"3721",354080
"3722",354085
"3723",354090
"3724",354100
"3725",354105
"3726",354110
"3727",354120
"3728",354130
"3729",354140
"3730",354150
"3731",354160
"3732",354165
"3733",354170
"3734",354180
"3735",354190
"3736",354200
"3737",354210
"3738",354220
"3739",354230
"3740",354240
"3741",354250
"3742",354260
"3743",354270
"3744",354280
"3745",354290
"3746",354300
"3747",354310
"3748",354320
"3749",354323
"3750",354325
"3751",354330
"3752",354340
"3753",354350
"3754",354360
"3755",354370
"3756",354380
"3757",354390
"3758",354400
"3759",354410
"3760",354420
"3761",354425
"3762",354430
"3763",354440
"3764",354450
"3765",354460
"3766",354470
"3767",354480
"3768",354490
"3769",354500
"3770",354510
"3771",354515
"3772",354520
"3773",354530
"3774",354540
"3775",354550
"3776",354560
"3777",354570
"3778",354580
"3779",354600
"3780",354610
"3781",354620
"3782",354625
"3783",354630
"3784",354640
"3785",354650
"3786",354660
"3787",354670
"3788",354680
"3789",354690
"3790",354700
"3791",354710
"3792",354720
"3793",354730
"3794",354740
"3795",354750
"3796",354760
"3797",354765
"3798",354770
"3799",354780
"3800",354790
"3801",354800
"3802",354805
"3803",354810
"3804",354820
"3805",354830
"3806",354840
"3807",354850
"3808",354860
"3809",354870
"3810",354880
"3811",354890
"3812",354900
"3813",354910
"3814",354920
"3815",354925
"3816",354930
"3817",354940
"3818",354950
"3819",354960
"3820",354970
"3821",354980
"3822",354990
"3823",354995
"3824",355000
"3825",355010
"3826",355020
"3827",355030
"3828",355040
"3829",355050
"3830",355060
"3831",355070
"3832",355080
"3833",355090
"3834",355100
"3835",355110
"3836",355120
"3837",355130
"3838",355140
"3839",355150
"3840",355160
"3841",355170
"3842",355180
"3843",355190
"3844",355200
"3845",355210
"3846",355220
"3847",355230
"3848",355240
"3849",355250
"3850",355255
"3851",355260
"3852",355270
"3853",355280
"3854",355290
"3855",355300
"3856",355310
"3857",355320
"3858",355330
"3859",355340
"3860",355350
"3861",355360
"3862",355365
"3863",355370
"3864",355380
"3865",355385
"3866",355390
"3867",355395
"3868",355400
"3869",355410
"3870",355420
"3871",355430
"3872",355440
"3873",355450
"3874",355460
"3875",355465
"3876",355470
"3877",355475
"3878",355480
"3879",355490
"3880",355495
"3881",355500
"3882",355510
"3883",355520
"3884",355530
"3885",355535
"3886",355540
"3887",355550
"3888",355560
"3889",355570
"3890",355580
"3891",355590
"3892",355600
"3893",355610
"3894",355620
"3895",355630
"3896",355635
"3897",355640
"3898",355645
"3899",355650
"3900",355660
"3901",355670
"3902",355680
"3903",355690
"3904",355695
"3905",355700
"3906",355710
"3907",355715
"3908",355720
"3909",355730
"3910",410010
"3911",410020
"3912",410030
"3913",410040
"3914",410045
"3915",410050
"3916",410060
"3917",410070
"3918",410080
"3919",410090
"3920",410100
"3921",410105
"3922",410110
"3923",410115
"3924",410120
"3925",410130
"3926",410140
"3927",410150
"3928",410160
"3929",410165
"3930",410170
"3931",410180
"3932",410185
"3933",410190
"3934",410200
"3935",410210
"3936",410220
"3937",410230
"3938",410240
"3939",410250
"3940",410260
"3941",410270
"3942",410275
"3943",410280
"3944",410290
"3945",410300
"3946",410302
"3947",410304
"3948",410305
"3949",410310
"3950",410315
"3951",410320
"3952",410322
"3953",410330
"3954",410335
"3955",410337
"3956",410340
"3957",410345
"3958",410347
"3959",410350
"3960",410360
"3961",410370
"3962",410380
"3963",410390
"3964",410395
"3965",410400
"3966",410405
"3967",410410
"3968",410420
"3969",410425
"3970",410430
"3971",410440
"3972",410442
"3973",410445
"3974",410450
"3975",410460
"3976",410465
"3977",410470
"3978",410480
"3979",410490
"3980",410500
"3981",410510
"3982",410520
"3983",410530
"3984",410540
"3985",410550
"3986",410560
"3987",410570
"3988",410580
"3989",410590
"3990",410600
"3991",410610
"3992",410620
"3993",410630
"3994",410640
"3995",410645
"3996",410650
"3997",410655
"3998",410657
"3999",410660
"4000",410670
"4001",410680
"4002",410685
"4003",410690
"4004",410700
"4005",410710
"4006",410712
"4007",410715
"4008",410720
"4009",410725
"4010",410730
"4011",410740
"4012",410750
"4013",410752
"4014",410753
"4015",410754
"4016",410755
"4017",410760
"4018",410765
"4019",410770
"4020",410773
"4021",410775
"4022",410780
"4023",410785
"4024",410790
"4025",410800
"4026",410810
"4027",410820
"4028",410830
"4029",410832
"4030",410840
"4031",410845
"4032",410850
"4033",410855
"4034",410860
"4035",410865
"4036",410870
"4037",410880
"4038",410890
"4039",410895
"4040",410900
"4041",410910
"4042",410920
"4043",410930
"4044",410940
"4045",410950
"4046",410960
"4047",410965
"4048",410970
"4049",410975
"4050",410980
"4051",410990
"4052",411000
"4053",411005
"4054",411007
"4055",411010
"4056",411020
"4057",411030
"4058",411040
"4059",411050
"4060",411060
"4061",411065
"4062",411070
"4063",411080
"4064",411090
"4065",411095
"4066",411100
"4067",411110
"4068",411120
"4069",411125
"4070",411130
"4071",411140
"4072",411150
"4073",411155
"4074",411160
"4075",411170
"4076",411180
"4077",411190
"4078",411200
"4079",411210
"4080",411220
"4081",411230
"4082",411240
"4083",411250
"4084",411260
"4085",411270
"4086",411275
"4087",411280
"4088",411290
"4089",411295
"4090",411300
"4091",411310
"4092",411320
"4093",411325
"4094",411330
"4095",411340
"4096",411342
"4097",411345
"4098",411350
"4099",411360
"4100",411370
"4101",411373
"4102",411375
"4103",411380
"4104",411390
"4105",411400
"4106",411410
"4107",411420
"4108",411430
"4109",411435
"4110",411440
"4111",411450
"4112",411460
"4113",411470
"4114",411480
"4115",411490
"4116",411500
"4117",411510
"4118",411520
"4119",411530
"4120",411535
"4121",411540
"4122",411545
"4123",411550
"4124",411560
"4125",411570
"4126",411573
"4127",411575
"4128",411580
"4129",411585
"4130",411590
"4131",411600
"4132",411605
"4133",411610
"4134",411620
"4135",411630
"4136",411640
"4137",411650
"4138",411660
"4139",411670
"4140",411680
"4141",411690
"4142",411695
"4143",411700
"4144",411705
"4145",411710
"4146",411720
"4147",411721
"4148",411722
"4149",411725
"4150",411727
"4151",411729
"4152",411730
"4153",411740
"4154",411745
"4155",411750
"4156",411760
"4157",411770
"4158",411780
"4159",411790
"4160",411800
"4161",411810
"4162",411820
"4163",411830
"4164",411840
"4165",411845
"4166",411850
"4167",411860
"4168",411870
"4169",411880
"4170",411885
"4171",411890
"4172",411900
"4173",411910
"4174",411915
"4175",411920
"4176",411925
"4177",411930
"4178",411940
"4179",411950
"4180",411960
"4181",411965
"4182",411970
"4183",411980
"4184",411990
"4185",411995
"4186",412000
"4187",412010
"4188",412015
"4189",412020
"4190",412030
"4191",412033
"4192",412035
"4193",412040
"4194",412050
"4195",412060
"4196",412065
"4197",412070
"4198",412080
"4199",412085
"4200",412090
"4201",412100
"4202",412110
"4203",412120
"4204",412125
"4205",412130
"4206",412135
"4207",412140
"4208",412150
"4209",412160
"4210",412170
"4211",412175
"4212",412180
"4213",412190
"4214",412200
"4215",412210
"4216",412215
"4217",412217
"4218",412220
"4219",412230
"4220",412240
"4221",412250
"4222",412260
"4223",412265
"4224",412270
"4225",412280
"4226",412290
"4227",412300
"4228",412310
"4229",412320
"4230",412330
"4231",412340
"4232",412350
"4233",412360
"4234",412370
"4235",412380
"4236",412382
"4237",412385
"4238",412390
"4239",412395
"4240",412400
"4241",412402
"4242",412405
"4243",412410
"4244",412420
"4245",412430
"4246",412440
"4247",412450
"4248",412460
"4249",412470
"4250",412480
"4251",412490
"4252",412500
"4253",412510
"4254",412520
"4255",412530
"4256",412535
"4257",412540
"4258",412545
"4259",412550
"4260",412555
"4261",412560
"4262",412570
"4263",412575
"4264",412580
"4265",412590
"4266",412600
"4267",412610
"4268",412620
"4269",412625
"4270",412627
"4271",412630
"4272",412635
"4273",412640
"4274",412650
"4275",412660
"4276",412665
"4277",412667
"4278",412670
"4279",412680
"4280",412690
"4281",412700
"4282",412710
"4283",412720
"4284",412730
"4285",412740
"4286",412750
"4287",412760
"4288",412770
"4289",412780
"4290",412785
"4291",412788
"4292",412790
"4293",412795
"4294",412796
"4295",412800
"4296",412810
"4297",412820
"4298",412830
"4299",412840
"4300",412850
"4301",412853
"4302",412855
"4303",412860
"4304",412862
"4305",412863
"4306",412865
"4307",412870
"4308",412880
"4309",420005
"4310",420010
"4311",420020
"4312",420030
"4313",420040
"4314",420050
"4315",420055
"4316",420060
"4317",420070
"4318",420075
"4319",420080
"4320",420090
"4321",420100
"4322",420110
"4323",420120
"4324",420125
"4325",420127
"4326",420130
"4327",420140
"4328",420150
"4329",420160
"4330",420165
"4331",420170
"4332",420180
"4333",420190
"4334",420195
"4335",420200
"4336",420205
"4337",420207
"4338",420208
"4339",420209
"4340",420210
"4341",420213
"4342",420215
"4343",420220
"4344",420230
"4345",420240
"4346",420243
"4347",420245
"4348",420250
"4349",420253
"4350",420257
"4351",420260
"4352",420270
"4353",420280
"4354",420285
"4355",420287
"4356",420290
"4357",420300
"4358",420310
"4359",420315
"4360",420320
"4361",420325
"4362",420330
"4363",420340
"4364",420350
"4365",420360
"4366",420370
"4367",420380
"4368",420390
"4369",420395
"4370",420400
"4371",420410
"4372",420415
"4373",420417
"4374",420419
"4375",420420
"4376",420425
"4377",420430
"4378",420435
"4379",420440
"4380",420445
"4381",420450
"4382",420455
"4383",420460
"4384",420470
"4385",420475
"4386",420480
"4387",420490
"4388",420500
"4389",420510
"4390",420515
"4391",420517
"4392",420519
"4393",420520
"4394",420530
"4395",420535
"4396",420540
"4397",420543
"4398",420545
"4399",420550
"4400",420555
"4401",420560
"4402",420570
"4403",420580
"4404",420590
"4405",420600
"4406",420610
"4407",420620
"4408",420630
"4409",420640
"4410",420650
"4411",420660
"4412",420665
"4413",420670
"4414",420675
"4415",420680
"4416",420690
"4417",420700
"4418",420710
"4419",420720
"4420",420730
"4421",420740
"4422",420750
"4423",420757
"4424",420760
"4425",420765
"4426",420768
"4427",420770
"4428",420775
"4429",420780
"4430",420785
"4431",420790
"4432",420800
"4433",420810
"4434",420820
"4435",420830
"4436",420840
"4437",420845
"4438",420850
"4439",420860
"4440",420870
"4441",420880
"4442",420890
"4443",420895
"4444",420900
"4445",420910
"4446",420915
"4447",420917
"4448",420920
"4449",420930
"4450",420940
"4451",420945
"4452",420950
"4453",420960
"4454",420970
"4455",420980
"4456",420985
"4457",420990
"4458",421000
"4459",421003
"4460",421005
"4461",421010
"4462",421020
"4463",421030
"4464",421040
"4465",421050
"4466",421055
"4467",421060
"4468",421070
"4469",421080
"4470",421085
"4471",421090
"4472",421100
"4473",421105
"4474",421110
"4475",421120
"4476",421125
"4477",421130
"4478",421140
"4479",421145
"4480",421150
"4481",421160
"4482",421165
"4483",421170
"4484",421175
"4485",421180
"4486",421185
"4487",421187
"4488",421189
"4489",421190
"4490",421200
"4491",421205
"4492",421210
"4493",421220
"4494",421223
"4495",421225
"4496",421227
"4497",421230
"4498",421240
"4499",421250
"4500",421260
"4501",421270
"4502",421280
"4503",421290
"4504",421300
"4505",421310
"4506",421315
"4507",421320
"4508",421330
"4509",421335
"4510",421340
"4511",421350
"4512",421360
"4513",421370
"4514",421380
"4515",421390
"4516",421400
"4517",421410
"4518",421415
"4519",421420
"4520",421430
"4521",421440
"4522",421450
"4523",421460
"4524",421470
"4525",421480
"4526",421490
"4527",421500
"4528",421505
"4529",421507
"4530",421510
"4531",421520
"4532",421530
"4533",421535
"4534",421540
"4535",421545
"4536",421550
"4537",421555
"4538",421560
"4539",421565
"4540",421567
"4541",421568
"4542",421569
"4543",421570
"4544",421575
"4545",421580
"4546",421590
"4547",421600
"4548",421605
"4549",421610
"4550",421620
"4551",421625
"4552",421630
"4553",421635
"4554",421640
"4555",421650
"4556",421660
"4557",421670
"4558",421680
"4559",421690
"4560",421700
"4561",421710
"4562",421715
"4563",421720
"4564",421725
"4565",421730
"4566",421740
"4567",421750
"4568",421755
"4569",421760
"4570",421770
"4571",421775
"4572",421780
"4573",421790
"4574",421795
"4575",421800
"4576",421810
"4577",421820
"4578",421825
"4579",421830
"4580",421835
"4581",421840
"4582",421850
"4583",421860
"4584",421870
"4585",421875
"4586",421880
"4587",421885
"4588",421890
"4589",421895
"4590",421900
"4591",421910
"4592",421915
"4593",421917
"4594",421920
"4595",421930
"4596",421935
"4597",421940
"4598",421950
"4599",421960
"4600",421970
"4601",421985
"4602",430000
"4603",430000
"4604",430003
"4605",430005
"4606",430010
"4607",430020
"4608",430030
"4609",430040
"4610",430045
"4611",430047
"4612",430050
"4613",430055
"4614",430057
"4615",430060
"4616",430063
"4617",430064
"4618",430066
"4619",430070
"4620",430080
"4621",430085
"4622",430087
"4623",430090
"4624",430100
"4625",430105
"4626",430107
"4627",430110
"4628",430120
"4629",430130
"4630",430140
"4631",430150
"4632",430155
"4633",430160
"4634",430163
"4635",430165
"4636",430170
"4637",430175
"4638",430180
"4639",430185
"4640",430187
"4641",430190
"4642",430192
"4643",430195
"4644",430200
"4645",430205
"4646",430210
"4647",430215
"4648",430220
"4649",430222
"4650",430223
"4651",430225
"4652",430230
"4653",430235
"4654",430237
"4655",430240
"4656",430245
"4657",430250
"4658",430258
"4659",430260
"4660",430265
"4661",430270
"4662",430280
"4663",430290
"4664",430300
"4665",430310
"4666",430320
"4667",430330
"4668",430340
"4669",430350
"4670",430355
"4671",430360
"4672",430367
"4673",430370
"4674",430380
"4675",430390
"4676",430400
"4677",430410
"4678",430420
"4679",430430
"4680",430435
"4681",430440
"4682",430450
"4683",430460
"4684",430461
"4685",430462
"4686",430463
"4687",430465
"4688",430466
"4689",430467
"4690",430468
"4691",430469
"4692",430470
"4693",430471
"4694",430480
"4695",430485
"4696",430490
"4697",430495
"4698",430500
"4699",430510
"4700",430511
"4701",430512
"4702",430513
"4703",430515
"4704",430517
"4705",430520
"4706",430530
"4707",430535
"4708",430537
"4709",430540
"4710",430543
"4711",430544
"4712",430545
"4713",430550
"4714",430558
"4715",430560
"4716",430570
"4717",430580
"4718",430583
"4719",430585
"4720",430587
"4721",430590
"4722",430593
"4723",430595
"4724",430597
"4725",430600
"4726",430605
"4727",430607
"4728",430610
"4729",430613
"4730",430620
"4731",430630
"4732",430632
"4733",430635
"4734",430637
"4735",430640
"4736",430642
"4737",430645
"4738",430650
"4739",430655
"4740",430660
"4741",430670
"4742",430673
"4743",430675
"4744",430676
"4745",430680
"4746",430690
"4747",430692
"4748",430693
"4749",430695
"4750",430697
"4751",430700
"4752",430705
"4753",430710
"4754",430720
"4755",430730
"4756",430740
"4757",430745
"4758",430750
"4759",430755
"4760",430760
"4761",430770
"4762",430780
"4763",430781
"4764",430783
"4765",430786
"4766",430790
"4767",430800
"4768",430805
"4769",430807
"4770",430810
"4771",430820
"4772",430825
"4773",430830
"4774",430840
"4775",430843
"4776",430845
"4777",430850
"4778",430860
"4779",430865
"4780",430870
"4781",430880
"4782",430885
"4783",430890
"4784",430900
"4785",430905
"4786",430910
"4787",430912
"4788",430915
"4789",430920
"4790",430925
"4791",430930
"4792",430940
"4793",430950
"4794",430955
"4795",430957
"4796",430960
"4797",430965
"4798",430970
"4799",430975
"4800",430980
"4801",430990
"4802",430995
"4803",431000
"4804",431010
"4805",431020
"4806",431030
"4807",431033
"4808",431036
"4809",431040
"4810",431041
"4811",431043
"4812",431046
"4813",431050
"4814",431053
"4815",431055
"4816",431057
"4817",431060
"4818",431065
"4819",431070
"4820",431075
"4821",431080
"4822",431085
"4823",431087
"4824",431090
"4825",431100
"4826",431110
"4827",431112
"4828",431113
"4829",431115
"4830",431120
"4831",431123
"4832",431125
"4833",431127
"4834",431130
"4835",431140
"4836",431142
"4837",431150
"4838",431160
"4839",431162
"4840",431164
"4841",431170
"4842",431171
"4843",431173
"4844",431175
"4845",431177
"4846",431179
"4847",431180
"4848",431190
"4849",431198
"4850",431200
"4851",431205
"4852",431210
"4853",431213
"4854",431215
"4855",431217
"4856",431220
"4857",431225
"4858",431230
"4859",431235
"4860",431237
"4861",431238
"4862",431240
"4863",431242
"4864",431244
"4865",431245
"4866",431247
"4867",431250
"4868",431260
"4869",431261
"4870",431262
"4871",431265
"4872",431267
"4873",431270
"4874",431275
"4875",431280
"4876",431290
"4877",431295
"4878",431300
"4879",431301
"4880",431303
"4881",431306
"4882",431308
"4883",431310
"4884",431320
"4885",431330
"4886",431333
"4887",431335
"4888",431337
"4889",431339
"4890",431340
"4891",431342
"4892",431344
"4893",431346
"4894",431349
"4895",431350
"4896",431360
"4897",431365
"4898",431370
"4899",431380
"4900",431390
"4901",431395
"4902",431400
"4903",431402
"4904",431403
"4905",431405
"4906",431406
"4907",431407
"4908",431410
"4909",431413
"4910",431415
"4911",431417
"4912",431420
"4913",431430
"4914",431440
"4915",431442
"4916",431445
"4917",431446
"4918",431447
"4919",431449
"4920",431450
"4921",431455
"4922",431460
"4923",431470
"4924",431475
"4925",431477
"4926",431478
"4927",431480
"4928",431490
"4929",431500
"4930",431505
"4931",431507
"4932",431510
"4933",431513
"4934",431514
"4935",431515
"4936",431517
"4937",431520
"4938",431530
"4939",431531
"4940",431532
"4941",431535
"4942",431540
"4943",431545
"4944",431550
"4945",431555
"4946",431560
"4947",431570
"4948",431575
"4949",431580
"4950",431590
"4951",431595
"4952",431600
"4953",431610
"4954",431620
"4955",431630
"4956",431640
"4957",431642
"4958",431643
"4959",431645
"4960",431647
"4961",431650
"4962",431660
"4963",431670
"4964",431673
"4965",431675
"4966",431680
"4967",431690
"4968",431695
"4969",431697
"4970",431700
"4971",431710
"4972",431720
"4973",431725
"4974",431730
"4975",431740
"4976",431750
"4977",431755
"4978",431760
"4979",431770
"4980",431775
"4981",431780
"4982",431790
"4983",431795
"4984",431800
"4985",431805
"4986",431810
"4987",431820
"4988",431830
"4989",431840
"4990",431842
"4991",431843
"4992",431844
"4993",431845
"4994",431846
"4995",431848
"4996",431849
"4997",431850
"4998",431860
"4999",431861
"5000",431862
"5001",431870
"5002",431880
"5003",431890
"5004",431900
"5005",431910
"5006",431912
"5007",431915
"5008",431920
"5009",431930
"5010",431935
"5011",431936
"5012",431937
"5013",431940
"5014",431950
"5015",431960
"5016",431970
"5017",431971
"5018",431973
"5019",431975
"5020",431980
"5021",431990
"5022",432000
"5023",432010
"5024",432020
"5025",432023
"5026",432026
"5027",432030
"5028",432032
"5029",432035
"5030",432040
"5031",432045
"5032",432050
"5033",432055
"5034",432057
"5035",432060
"5036",432065
"5037",432067
"5038",432070
"5039",432080
"5040",432085
"5041",432090
"5042",432100
"5043",432110
"5044",432120
"5045",432130
"5046",432132
"5047",432135
"5048",432140
"5049",432143
"5050",432145
"5051",432146
"5052",432147
"5053",432149
"5054",432150
"5055",432160
"5056",432162
"5057",432163
"5058",432166
"5059",432170
"5060",432180
"5061",432183
"5062",432185
"5063",432190
"5064",432195
"5065",432200
"5066",432210
"5067",432215
"5068",432218
"5069",432220
"5070",432225
"5071",432230
"5072",432232
"5073",432234
"5074",432235
"5075",432237
"5076",432240
"5077",432250
"5078",432252
"5079",432253
"5080",432254
"5081",432255
"5082",432260
"5083",432270
"5084",432280
"5085",432285
"5086",432290
"5087",432300
"5088",432310
"5089",432320
"5090",432330
"5091",432335
"5092",432340
"5093",432345
"5094",432350
"5095",432360
"5096",432370
"5097",432375
"5098",432377
"5099",432380
"5100",500020
"5101",500025
"5102",500060
"5103",500070
"5104",500080
"5105",500085
"5106",500090
"5107",500100
"5108",500110
"5109",500124
"5110",500150
"5111",500190
"5112",500200
"5113",500210
"5114",500215
"5115",500220
"5116",500230
"5117",500240
"5118",500260
"5119",500270
"5120",500280
"5121",500290
"5122",500295
"5123",500310
"5124",500315
"5125",500320
"5126",500325
"5127",500330
"5128",500345
"5129",500348
"5130",500350
"5131",500370
"5132",500375
"5133",500380
"5134",500390
"5135",500400
"5136",500410
"5137",500430
"5138",500440
"5139",500450
"5140",500460
"5141",500470
"5142",500480
"5143",500490
"5144",500500
"5145",500510
"5146",500515
"5147",500520
"5148",500525
"5149",500540
"5150",500560
"5151",500568
"5152",500570
"5153",500580
"5154",500600
"5155",500620
"5156",500625
"5157",500630
"5158",500635
"5159",500640
"5160",500660
"5161",500690
"5162",500710
"5163",500720
"5164",500730
"5165",500740
"5166",500750
"5167",500755
"5168",500769
"5169",500770
"5170",500780
"5171",500790
"5172",500793
"5173",500795
"5174",500797
"5175",500800
"5176",500830
"5177",500840
"5178",510010
"5179",510020
"5180",510025
"5181",510030
"5182",510035
"5183",510040
"5184",510050
"5185",510060
"5186",510080
"5187",510100
"5188",510120
"5189",510125
"5190",510130
"5191",510140
"5192",510160
"5193",510170
"5194",510180
"5195",510185
"5196",510190
"5197",510250
"5198",510260
"5199",510263
"5200",510267
"5201",510268
"5202",510269
"5203",510270
"5204",510279
"5205",510285
"5206",510300
"5207",510305
"5208",510310
"5209",510320
"5210",510325
"5211",510330
"5212",510335
"5213",510336
"5214",510337
"5215",510340
"5216",510343
"5217",510345
"5218",510350
"5219",510360
"5220",510370
"5221",510380
"5222",510385
"5223",510390
"5224",510395
"5225",510410
"5226",510420
"5227",510450
"5228",510452
"5229",510454
"5230",510455
"5231",510460
"5232",510480
"5233",510490
"5234",510500
"5235",510510
"5236",510515
"5237",510517
"5238",510520
"5239",510523
"5240",510525
"5241",510530
"5242",510550
"5243",510558
"5244",510560
"5245",510562
"5246",510590
"5247",510600
"5248",510610
"5249",510615
"5250",510617
"5251",510618
"5252",510619
"5253",510620
"5254",510621
"5255",510622
"5256",510623
"5257",510624
"5258",510625
"5259",510626
"5260",510627
"5261",510628
"5262",510629
"5263",510630
"5264",510631
"5265",510637
"5266",510642
"5267",510645
"5268",510650
"5269",510665
"5270",510670
"5271",510675
"5272",510677
"5273",510680
"5274",510682
"5275",510685
"5276",510700
"5277",510704
"5278",510706
"5279",510710
"5280",510715
"5281",510718
"5282",510719
"5283",510720
"5284",510724
"5285",510726
"5286",510729
"5287",510730
"5288",510735
"5289",510740
"5290",510757
"5291",510760
"5292",510770
"5293",510774
"5294",510775
"5295",510776
"5296",510777
"5297",510779
"5298",510780
"5299",510785
"5300",510787
"5301",510788
"5302",510790
"5303",510792
"5304",510794
"5305",510795
"5306",510800
"5307",510805
"5308",510810
"5309",510820
"5310",510830
"5311",510835
"5312",510840
"5313",510850
"5314",510860
"5315",510880
"5316",510885
"5317",510890
"5318",510895
"5319",520005
"5320",520010
"5321",520013
"5322",520015
"5323",520017
"5324",520020
"5325",520025
"5326",520030
"5327",520050
"5328",520055
"5329",520060
"5330",520080
"5331",520082
"5332",520085
"5333",520090
"5334",520110
"5335",520120
"5336",520130
"5337",520140
"5338",520145
"5339",520150
"5340",520160
"5341",520170
"5342",520180
"5343",520215
"5344",520235
"5345",520250
"5346",520260
"5347",520280
"5348",520310
"5349",520320
"5350",520330
"5351",520340
"5352",520350
"5353",520355
"5354",520357
"5355",520360
"5356",520380
"5357",520390
"5358",520393
"5359",520396
"5360",520400
"5361",520410
"5362",520420
"5363",520425
"5364",520430
"5365",520440
"5366",520450
"5367",520455
"5368",520460
"5369",520465
"5370",520470
"5371",520480
"5372",520485
"5373",520490
"5374",520495
"5375",520500
"5376",520505
"5377",520510
"5378",520520
"5379",520530
"5380",520540
"5381",520545
"5382",520547
"5383",520549
"5384",520551
"5385",520552
"5386",520570
"5387",520580
"5388",520590
"5389",520620
"5390",520630
"5391",520640
"5392",520650
"5393",520660
"5394",520670
"5395",520680
"5396",520690
"5397",520710
"5398",520725
"5399",520735
"5400",520740
"5401",520750
"5402",520753
"5403",520760
"5404",520780
"5405",520790
"5406",520800
"5407",520810
"5408",520815
"5409",520830
"5410",520840
"5411",520850
"5412",520860
"5413",520870
"5414",520880
"5415",520890
"5416",520910
"5417",520915
"5418",520920
"5419",520929
"5420",520940
"5421",520945
"5422",520960
"5423",520970
"5424",520980
"5425",520990
"5426",520993
"5427",520995
"5428",521000
"5429",521010
"5430",521015
"5431",521020
"5432",521030
"5433",521040
"5434",521056
"5435",521060
"5436",521080
"5437",521090
"5438",521100
"5439",521120
"5440",521130
"5441",521140
"5442",521150
"5443",521160
"5444",521170
"5445",521180
"5446",521190
"5447",521200
"5448",521205
"5449",521210
"5450",521220
"5451",521225
"5452",521230
"5453",521250
"5454",521260
"5455",521270
"5456",521280
"5457",521290
"5458",521295
"5459",521300
"5460",521305
"5461",521308
"5462",521310
"5463",521340
"5464",521350
"5465",521370
"5466",521375
"5467",521377
"5468",521380
"5469",521385
"5470",521390
"5471",521400
"5472",521405
"5473",521410
"5474",521440
"5475",521450
"5476",521460
"5477",521470
"5478",521480
"5479",521483
"5480",521486
"5481",521487
"5482",521490
"5483",521500
"5484",521520
"5485",521523
"5486",521525
"5487",521530
"5488",521540
"5489",521550
"5490",521560
"5491",521565
"5492",521570
"5493",521580
"5494",521590
"5495",521600
"5496",521630
"5497",521640
"5498",521645
"5499",521680
"5500",521690
"5501",521710
"5502",521720
"5503",521730
"5504",521740
"5505",521760
"5506",521770
"5507",521800
"5508",521805
"5509",521810
"5510",521830
"5511",521839
"5512",521850
"5513",521860
"5514",521870
"5515",521878
"5516",521880
"5517",521890
"5518",521900
"5519",521910
"5520",521920
"5521",521925
"5522",521930
"5523",521935
"5524",521940
"5525",521945
"5526",521950
"5527",521960
"5528",521970
"5529",521971
"5530",521973
"5531",521975
"5532",521980
"5533",521990
"5534",522000
"5535",522005
"5536",522010
"5537",522015
"5538",522020
"5539",522026
"5540",522028
"5541",522040
"5542",522045
"5543",522050
"5544",522060
"5545",522068
"5546",522070
"5547",522100
"5548",522108
"5549",522119
"5550",522130
"5551",522140
"5552",522145
"5553",522150
"5554",522155
"5555",522157
"5556",522160
"5557",522170
"5558",522180
"5559",522185
"5560",522190
"5561",522200
"5562",522205
"5563",522220
"5564",522230
"5565",530010
